id,qty
0,13.250508
1,15.880801
2,16.020529
3,20.546545
4,20.546339
5,23.381998
6,14.553038
7,20.876328
8,22.220722
9,19.260208
10,20.734575
11,21.67571
12,22.044804
13,14.553038
14,13.737056
15,16.333029
16,16.419739
17,19.86059
18,21.503014
19,22.044804
20,14.553038
21,13.737056
22,16.333029
23,16.419739
24,19.86059
25,21.503014
26,22.044804
27,14.553038
28,13.737056
29,16.333029
30,16.419739
31,13.780681
32,14.771784
33,16.443003
34,20.30484
35,19.837616
36,22.262293
37,13.737056
38,14.45325
39,15.228061
40,16.6694
41,14.652435
42,13.82332
43,21.131275
44,20.876328
45,14.45325
46,16.332767
47,16.61571
48,20.628777
49,20.350674
50,21.131275
51,20.876328
52,14.45325
53,16.332767
54,16.61571
55,20.628777
56,20.350674
57,21.131275
58,20.876328
59,13.940049
60,14.910763
61,16.367617
62,19.994862
63,19.902964
64,22.362585
65,16.333029
66,16.332767
67,15.644233
68,15.705902
69,14.724048
70,15.410585
71,22.629972
72,22.220722
73,15.228061
74,15.644233
75,16.579777
76,19.94416
77,19.365677
78,22.629972
79,22.220722
80,15.228061
81,15.644233
82,16.579777
83,19.94416
84,19.365677
85,22.629972
86,22.220722
87,15.228061
88,15.644233
90,18.692345
91,22.45597
92,22.680496
93,28.831356
94,28.983698
95,32.48314
96,20.62594
97,29.63594
98,31.447327
99,27.277475
100,29.192423
101,30.771862
102,31.194492
103,20.62594
104,19.48136
105,23.156307
106,23.278627
107,28.535757
108,30.214113
109,31.194492
110,20.62594
111,19.48136
112,23.156307
113,23.278627
114,28.535757
115,30.214113
116,31.194492
117,20.62594
118,19.48136
119,23.156307
120,23.278627
121,19.280674
122,20.751886
123,23.056585
124,28.570705
125,28.0906
126,31.34641
127,19.48136
128,20.755657
129,21.582855
130,23.635489
131,20.778477
132,19.694582
133,29.995592
134,29.63594
135,20.755657
136,23.105816
137,23.653307
138,29.26737
139,28.881569
140,29.995592
141,29.63594
142,20.755657
143,23.105816
144,23.653307
145,29.26737
146,28.881569
147,29.995592
148,29.63594
149,19.436216
150,20.985699
151,22.96133
152,28.14626
153,28.02058
154,31.55481
155,23.156307
156,23.105816
157,22.229832
158,22.276293
159,20.77737
160,21.975048
161,31.876305
162,31.447327
163,21.582855
164,22.229832
165,23.56243
166,28.255157
167,27.61978
168,31.876305
169,31.447327
170,21.582855
171,22.229832
172,23.56243
173,28.255157
174,27.61978
175,31.876305
176,31.447327
177,21.582855
178,22.229832
180,16.638762
181,19.947416
182,20.20998
183,25.72413
184,25.790956
185,29.252611
186,18.363874
187,26.37135
188,27.9832
189,24.272686
190,25.98393
191,27.235844
192,27.787426
193,18.363874
194,17.345375
195,20.615503
196,20.72435
197,25.3152
198,26.915041
199,27.787426
200,18.363874
201,17.345375
202,20.615503
203,20.72435
204,25.3152
205,26.915041
206,27.787426
207,18.363874
208,17.345375
209,20.615503
210,20.72435
211,17.180403
212,18.46593
213,20.516754
214,25.459654
215,24.996237
216,27.957203
217,17.345375
218,18.469288
219,19.205364
220,21.031885
221,18.322237
222,17.378798
223,26.691383
224,26.37135
225,18.469288
226,20.560562
227,21.04774
228,26.043379
229,25.700077
230,26.691383
231,26.37135
232,18.469288
233,20.560562
234,21.04774
235,26.043379
236,25.700077
237,26.691383
238,26.37135
239,17.203373
240,18.604183
241,20.431992
242,25.081963
243,25.012022
244,28.123451
245,20.615503
246,20.560562
247,19.78107
248,19.822416
249,18.174953
250,19.554354
251,28.364923
252,27.9832
253,19.205364
254,19.78107
255,20.966875
256,25.142668
257,24.577282
258,28.364923
259,27.9832
260,19.205364
261,19.78107
262,20.966875
263,25.142668
264,24.577282
265,28.364923
266,27.9832
267,19.205364
268,19.78107
270,15.1927
271,18.219734
272,18.393663
273,23.56832
274,23.564892
275,26.765583
276,16.795639
277,24.1373
278,25.59714
279,21.972162
280,23.7808
281,24.752201
282,25.41801
283,16.795639
284,15.765655
285,18.810446
286,18.910038
287,22.958572
288,24.619795
289,25.41801
290,16.795639
291,15.765655
292,18.810446
293,18.910038
294,22.958572
295,24.619795
296,25.41801
297,16.795639
298,15.765655
299,18.810446
300,18.910038
301,15.594187
302,16.934256
303,18.877739
304,23.240461
305,22.83774
306,25.580309
307,15.765655
308,16.755054
309,17.60246
310,19.006893
311,16.650507
312,15.783894
313,24.430124
314,24.1373
315,16.755054
316,18.805567
317,19.251328
318,23.82224
319,23.410048
320,24.430124
321,24.1373
322,16.755054
323,18.805567
324,19.251328
325,23.82224
326,23.410048
327,24.430124
328,24.1373
329,15.615205
330,17.130693
331,18.661245
332,22.894882
333,22.686426
334,25.732424
335,18.810446
336,18.805567
337,17.99427
338,17.900251
339,16.46166
340,17.870953
341,25.94641
342,25.59714
343,17.60246
344,17.99427
345,19.192308
346,23.013079
347,22.343754
348,25.94641
349,25.59714
350,17.60246
351,17.99427
352,19.192308
353,23.013079
354,22.343754
355,25.94641
356,25.59714
357,17.60246
358,17.99427
360,11.085226
361,13.431344
362,13.523132
363,17.328905
364,17.164972
365,19.304203
366,12.17232
367,17.593126
368,18.59079
369,16.040977
370,17.349312
371,18.00345
372,18.40137
373,12.17232
374,11.314816
375,13.647331
376,13.7395115
377,16.78894
378,17.867771
379,18.40137
380,12.17232
381,11.314816
382,13.647331
383,13.7395115
384,16.78894
385,17.867771
386,18.40137
387,12.17232
388,11.314816
389,13.647331
390,13.7395115
391,11.378208
392,12.357648
393,13.778514
394,17.123196
395,16.570507
396,18.514679
397,11.314816
398,12.376065
399,12.757705
400,13.872268
401,12.0097685
402,11.564213
403,17.787308
404,17.593126
405,12.376065
406,13.687848
407,14.013139
408,17.337366
409,17.036572
410,17.787308
411,17.593126
412,12.376065
413,13.687848
414,14.013139
415,17.337366
416,17.036572
417,17.787308
418,17.593126
419,11.393546
420,12.500998
421,13.638936
422,16.87101
423,16.758171
424,18.616608
425,13.647331
426,13.687848
427,13.043625
428,13.170077
429,11.871958
430,13.14703
431,18.845667
432,18.59079
433,12.757705
434,13.043625
435,13.965051
436,16.667084
437,16.39056
438,18.845667
439,18.59079
440,12.757705
441,13.043625
442,13.965051
443,16.667084
444,16.39056
445,18.845667
446,18.59079
447,12.757705
448,13.043625
450,11.071082
451,13.504482
452,13.5998955
453,17.306795
454,17.216911
455,19.269411
456,12.07652
457,17.570679
458,18.56707
459,15.989527
460,17.327175
461,17.993214
462,18.359743
463,12.07652
464,11.22011
465,13.512946
466,13.605009
467,16.767519
468,17.844973
469,18.359743
470,12.07652
471,11.22011
472,13.512946
473,13.605009
474,16.767519
475,17.844973
476,18.359743
477,12.07652
478,11.22011
479,13.512946
480,13.605009
481,11.36369
482,12.329349
483,13.790236
484,17.108248
485,16.623203
486,18.52346
487,11.22011
488,12.360274
489,12.741426
490,13.854568
491,12.164491
492,11.56649
493,17.764614
494,17.570679
495,12.360274
496,13.631386
497,13.995258
498,17.315245
499,17.014833
500,17.764614
501,17.570679
502,12.360274
503,13.631386
504,13.995258
505,17.315245
506,17.014833
507,17.764614
508,17.570679
509,11.379008
510,12.472515
511,13.650836
512,17.055035
513,16.63894
514,18.62526
515,13.512946
516,13.631386
517,13.026982
518,13.153274
519,11.900244
520,13.147288
521,18.82162
522,18.56707
523,12.741426
524,13.026982
525,13.947232
526,16.645819
527,16.369648
528,18.82162
529,18.56707
530,12.741426
531,13.026982
532,13.947232
533,16.645819
534,16.369648
535,18.82162
536,18.56707
537,12.741426
538,13.026982
540,10.079957
541,11.942629
542,12.341633
543,15.779005
544,15.632044
545,17.496433
546,10.9603615
547,15.9423065
548,16.845804
549,14.508563
550,15.813257
551,16.25301
552,16.657808
553,10.9603615
554,10.183794
555,12.262872
556,12.346352
557,15.160004
558,16.191029
559,16.657808
560,10.9603615
561,10.183794
562,12.262872
563,12.346352
564,15.160004
565,16.191029
566,16.657808
567,10.9603615
568,10.183794
569,12.262872
570,12.346352
571,10.32271
572,11.137607
573,12.5137825
574,15.554638
575,15.06788
576,16.820026
577,10.183794
578,11.256559
579,11.56328
580,12.521276
581,11.040132
582,10.497882
583,16.11816
584,15.9423065
585,11.256559
586,12.37027
587,12.700218
588,15.710687
589,15.438282
590,16.11816
591,15.9423065
592,11.256559
593,12.37027
594,12.700218
595,15.710687
596,15.438282
597,16.11816
598,15.9423065
599,10.3366
600,11.328333
601,12.367723
602,15.491101
603,15.062879
604,16.912334
605,12.262872
606,12.37027
607,11.822213
608,11.885363
609,10.800519
610,11.931303
611,17.076624
612,16.845804
613,11.56328
614,11.822213
615,12.65667
616,15.103669
617,14.853246
618,17.076624
619,16.845804
620,11.56328
621,11.822213
622,12.65667
623,15.103669
624,14.853246
625,17.076624
626,16.845804
627,11.56328
628,11.822213
630,17.942259
631,21.484734
632,21.936806
633,28.039938
634,27.907368
635,31.16285
636,19.528687
637,28.396515
638,30.004736
639,25.844461
640,28.298803
641,28.771833
642,29.670101
643,19.528687
644,18.1464
645,21.847145
646,21.995739
647,27.00402
648,28.839237
649,29.670101
650,19.528687
651,18.1464
652,21.847145
653,21.995739
654,27.00402
655,28.839237
656,29.670101
657,19.528687
658,18.1464
659,21.847145
660,21.995739
661,18.408092
662,19.824867
663,22.216465
664,27.707228
665,26.840757
666,29.958849
667,18.1464
668,20.055916
669,20.601875
670,22.307104
671,19.888092
672,18.705475
673,28.709534
674,28.396515
675,20.055916
676,22.038313
677,22.62562
678,28.041502
679,27.556623
680,28.709534
681,28.396515
682,20.055916
683,22.038313
684,22.62562
685,28.041502
686,27.556623
687,28.709534
688,28.396515
689,18.485176
690,20.164358
691,21.95648
692,27.50667
693,26.79569
694,30.123158
695,21.847145
696,22.038313
697,21.062777
698,21.175182
699,19.461584
700,21.256956
701,30.48999
702,30.004736
703,20.601875
704,21.062777
705,22.548103
706,26.903746
707,26.5012
708,30.48999
709,30.004736
710,20.601875
711,21.062777
712,22.548103
713,26.903746
714,26.5012
715,30.48999
716,30.004736
717,20.601875
718,21.062777
720,15.602673
721,18.486206
722,18.635744
723,24.221506
724,24.070501
725,26.99169
726,16.8815
727,24.547262
728,25.937483
729,22.34115
730,24.462797
731,24.804789
732,25.64821
733,16.8815
734,15.686589
735,18.84928
736,19.08217
737,23.411562
738,24.929974
739,25.64821
740,16.8815
741,15.686589
742,18.84928
743,19.08217
744,23.411562
745,24.929974
746,25.64821
747,16.8815
748,15.686589
749,18.84928
750,19.08217
751,16.027443
752,17.144127
753,19.11522
754,23.971395
755,23.276812
756,25.950895
757,15.686589
758,17.337263
759,17.809216
760,19.368582
761,17.25639
762,16.169878
763,24.81785
764,24.547262
765,17.337263
766,18.927809
767,19.435505
768,24.240374
769,23.821222
770,24.81785
771,24.547262
772,17.337263
773,18.927809
774,19.435505
775,24.240374
776,23.821222
777,24.81785
778,24.547262
779,16.029102
780,17.4376
781,18.923714
782,23.798025
783,23.231472
784,26.039852
785,18.84928
786,18.927809
787,18.20764
788,18.390097
789,16.823496
790,18.375498
791,26.35696
792,25.937483
793,17.809216
794,18.20764
795,19.491625
796,23.256845
797,22.908865
798,26.35696
799,25.937483
800,17.809216
801,18.20764
802,19.491625
803,23.256845
804,22.908865
805,26.35696
806,25.937483
807,17.809216
808,18.20764
810,16.430935
811,19.514591
812,19.648533
813,25.84601
814,25.61724
815,28.660534
816,18.198347
817,26.111544
818,27.546978
819,23.575884
820,25.995163
821,26.096945
822,27.14229
823,18.198347
824,16.830105
825,20.123503
826,20.410244
827,24.907183
828,26.38063
829,27.14229
830,18.198347
831,16.830105
832,20.123503
833,20.410244
834,24.907183
835,26.38063
836,27.14229
837,18.198347
838,16.830105
839,20.123503
840,20.410244
841,16.996397
842,18.1332
843,20.182339
844,25.580782
845,25.452448
846,27.556818
847,16.830105
848,18.465656
849,18.917162
850,20.65917
851,18.092197
852,17.287971
853,26.358719
854,26.111544
855,18.465656
856,20.0156
857,20.553988
858,25.804071
859,25.258488
860,26.358719
861,26.111544
862,18.465656
863,20.0156
864,20.553988
865,25.804071
866,25.258488
867,26.358719
868,26.111544
869,16.998158
870,18.378742
871,19.979254
872,25.389254
873,25.261488
874,27.688858
875,20.123503
876,20.0156
877,19.339672
878,19.711594
879,17.633133
880,19.545568
881,28.177565
882,27.546978
883,18.917162
884,19.339672
885,20.640394
886,24.723309
887,24.35429
888,28.177565
889,27.546978
890,18.917162
891,19.339672
892,20.640394
893,24.723309
894,24.35429
895,28.177565
896,27.546978
897,18.917162
898,19.339672
900,35.451435
901,42.028854
902,42.579033
903,54.42295
904,54.765293
905,62.245632
906,40.334435
907,56.50664
908,59.649277
909,53.21093
910,55.496548
911,57.998707
912,59.86614
913,40.334435
914,38.955906
915,44.599937
916,44.748417
917,53.930813
918,57.244247
919,59.86614
920,40.334435
921,38.955906
922,44.599937
923,44.748417
924,53.930813
925,57.244247
926,59.86614
927,40.334435
928,38.955906
929,44.599937
930,44.748417
931,36.356007
932,39.529533
933,43.91019
934,54.052418
935,52.76261
936,59.358517
937,38.955906
938,39.51968
939,40.17095
940,45.681965
941,38.112118
942,36.78966
943,57.26739
944,56.50664
945,39.51968
946,43.328243
947,45.112118
948,55.692173
949,54.89843
950,57.26739
951,56.50664
952,39.51968
953,43.328243
954,45.112118
955,55.692173
956,54.89843
957,57.26739
958,56.50664
959,36.420757
960,39.89939
961,43.709568
962,53.18337
963,53.391644
964,59.625416
965,44.599937
966,43.328243
967,41.93326
968,42.426865
969,37.969765
970,41.841183
971,60.75234
972,59.649277
973,40.17095
974,41.93326
975,45.12214
976,54.04582
977,52.76325
978,60.75234
979,59.649277
980,40.17095
981,41.93326
982,45.12214
983,54.04582
984,52.76325
985,60.75234
986,59.649277
987,40.17095
988,41.93326
990,50.23766
991,59.603645
992,60.456577
993,77.3878
994,77.677666
995,86.866394
996,57.258224
997,80.41567
998,84.64146
999,75.535194
1000,78.30989
1001,82.45035
1002,84.93629
1003,57.258224
1004,55.32215
1005,63.354534
1006,63.56494
1007,77.65494
1008,80.6432
1009,84.93629
1010,57.258224
1011,55.32215
1012,63.354534
1013,63.56494
1014,77.65494
1015,80.6432
1016,84.93629
1017,57.258224
1018,55.32215
1019,63.354534
1020,63.56494
1021,51.710205
1022,55.543083
1023,61.6095
1024,76.770294
1025,75.05214
1026,83.95892
1027,55.32215
1028,56.82674
1029,57.039036
1030,64.90033
1031,54.14194
1032,52.395348
1033,81.49372
1034,80.41567
1035,56.82674
1036,61.41845
1037,64.342926
1038,79.20977
1039,78.10239
1040,81.49372
1041,80.41567
1042,56.82674
1043,61.41845
1044,64.342926
1045,79.20977
1046,78.10239
1047,81.49372
1048,80.41567
1049,51.616764
1050,56.168137
1051,61.35486
1052,75.57309
1053,75.50991
1054,84.51604
1055,63.354534
1056,61.41845
1057,59.69647
1058,60.287586
1059,54.067657
1060,59.55378
1061,85.808014
1062,84.64146
1063,57.039036
1064,59.69647
1065,64.249695
1066,76.75262
1067,75.41812
1068,85.808014
1069,84.64146
1070,57.039036
1071,59.69647
1072,64.249695
1073,76.75262
1074,75.41812
1075,85.808014
1076,84.64146
1077,57.039036
1078,59.69647
1080,44.574608
1081,52.774464
1082,53.69827
1083,68.73811
1084,68.898766
1085,77.97554
1086,50.81376
1087,71.32734
1088,75.07553
1089,66.998436
1090,69.29403
1091,73.13206
1092,75.41488
1093,50.81376
1094,49.096493
1095,56.22108
1096,56.407707
1097,68.67301
1098,71.60698
1099,75.41488
1100,50.81376
1101,49.096493
1102,56.22108
1103,56.407707
1104,68.67301
1105,71.60698
1106,75.41488
1107,50.81376
1108,49.096493
1109,56.22108
1110,56.407707
1111,45.929012
1112,49.265774
1113,54.64658
1114,68.19039
1115,66.56998
1116,74.64015
1117,49.096493
1118,50.404354
1119,50.592655
1120,57.56549
1121,47.64026
1122,46.473785
1123,72.28355
1124,71.32734
1125,50.404354
1126,54.47712
1127,57.071083
1128,70.25772
1129,69.27549
1130,72.28355
1131,71.32734
1132,50.404354
1133,54.47712
1134,57.071083
1135,70.25772
1136,69.27549
1137,72.28355
1138,71.32734
1139,45.831474
1140,49.63417
1141,54.420715
1142,67.1285
1143,66.97601
1144,75.08316
1145,56.22108
1146,54.47712
1147,52.949753
1148,53.474064
1149,47.660378
1150,52.82319
1151,76.11025
1152,75.07553
1153,50.592655
1154,52.949753
1155,56.988384
1156,68.07827
1157,66.89459
1158,76.11025
1159,75.07553
1160,50.592655
1161,52.949753
1162,56.988384
1163,68.07827
1164,66.89459
1165,76.11025
1166,75.07553
1167,50.592655
1168,52.949753
1170,41.133823
1171,48.602737
1172,49.456165
1173,63.588673
1174,63.649956
1175,72.03525
1176,46.923973
1177,65.91508
1178,69.337456
1179,61.257072
1180,64.031235
1181,67.10855
1182,69.65094
1183,46.923973
1184,45.073658
1185,51.797234
1186,51.969643
1187,62.89159
1188,66.13314
1189,69.65094
1190,46.923973
1191,45.073658
1192,51.797234
1193,51.969643
1194,62.89159
1195,66.13314
1196,69.65094
1197,46.923973
1198,45.073658
1199,51.797234
1200,51.969643
1201,42.131863
1202,45.655212
1203,50.611023
1204,62.954872
1205,61.39374
1206,68.95396
1207,45.073658
1208,46.177074
1209,46.719715
1210,52.542747
1211,43.98817
1212,42.617546
1213,66.79844
1214,65.91508
1215,46.177074
1216,50.308258
1217,52.704605
1218,64.886665
1219,63.715393
1220,66.79844
1221,65.91508
1222,46.177074
1223,50.308258
1224,52.704605
1225,64.886665
1226,63.715393
1227,66.79844
1228,65.91508
1229,42.1107
1230,46.18372
1231,50.402363
1232,61.973873
1233,61.768845
1234,69.36321
1235,51.797234
1236,50.308258
1237,48.633373
1238,48.76301
1239,43.86124
1240,48.742783
1241,70.29334
1242,69.337456
1243,46.719715
1244,48.633373
1245,52.66849
1246,62.913532
1247,61.411064
1248,70.29334
1249,69.337456
1250,46.719715
1251,48.633373
1252,52.66849
1253,62.913532
1254,61.411064
1255,70.29334
1256,69.337456
1257,46.719715
1258,48.633373
1260,29.793068
1261,35.426544
1262,35.763348
1263,46.196526
1264,45.66703
1265,51.389362
1266,33.638096
1267,47.496357
1268,49.903286
1269,44.10283
1270,46.331795
1271,48.12314
1272,49.973255
1273,33.638096
1274,32.022865
1275,37.163616
1276,37.339737
1277,45.465603
1278,47.56733
1279,49.973255
1280,33.638096
1281,32.022865
1282,37.163616
1283,37.339737
1284,45.465603
1285,47.56733
1286,49.973255
1287,33.638096
1288,32.022865
1289,37.163616
1290,37.339737
1291,30.512524
1292,32.911358
1293,36.490814
1294,45.769077
1295,43.87095
1296,49.368607
1297,32.022865
1298,33.71989
1299,33.48185
1300,37.91785
1301,31.371227
1302,30.879786
1303,48.081306
1304,47.496357
1305,33.71989
1306,36.327038
1307,38.05449
1308,46.68631
1309,45.841976
1310,48.081306
1311,47.496357
1312,33.71989
1313,36.327038
1314,38.05449
1315,46.68631
1316,45.841976
1317,48.081306
1318,47.496357
1319,30.497265
1320,33.292343
1321,36.314445
1322,44.969963
1323,44.064316
1324,49.639503
1325,37.163616
1326,36.327038
1327,34.861343
1328,35.473213
1329,31.279728
1330,35.29527
1331,50.592354
1332,49.903286
1333,33.48185
1334,34.861343
1335,37.895485
1336,45.05185
1337,44.53197
1338,50.592354
1339,49.903286
1340,33.48185
1341,34.861343
1342,37.895485
1343,45.05185
1344,44.53197
1345,50.592354
1346,49.903286
1347,33.48185
1348,34.861343
1350,29.823507
1351,35.70322
1352,36.116833
1353,46.29758
1354,46.064964
1355,51.34785
1356,33.13211
1357,47.544884
1358,49.954273
1359,44.065353
1360,46.37913
1361,48.160854
1362,49.745834
1363,33.13211
1364,31.68089
1365,36.729126
1366,36.905426
1367,45.447575
1368,47.72817
1369,49.745834
1370,33.13211
1371,31.68089
1372,36.729126
1373,36.905426
1374,45.447575
1375,47.72817
1376,49.745834
1377,33.13211
1378,31.68089
1379,36.729126
1380,36.905426
1381,30.5437
1382,32.9116
1383,36.63248
1384,45.83422
1385,44.267048
1386,49.43842
1387,31.68089
1388,33.75434
1389,33.516056
1390,37.956593
1391,31.553392
1392,30.911337
1393,48.130432
1394,47.544884
1395,33.75434
1396,36.26027
1397,38.09337
1398,46.734013
1399,45.888813
1400,48.130432
1401,47.544884
1402,33.75434
1403,36.26027
1404,38.09337
1405,46.734013
1406,45.888813
1407,48.130432
1408,47.544884
1409,30.528425
1410,33.292973
1411,36.455936
1412,45.71804
1413,44.46061
1414,49.709595
1415,36.729126
1416,36.26027
1417,34.89696
1418,35.509457
1419,31.427387
1420,35.33133
1421,50.644047
1422,49.954273
1423,33.516056
1424,34.89696
1425,37.934204
1426,45.097878
1427,44.57747
1428,50.644047
1429,49.954273
1430,33.516056
1431,34.89696
1432,37.934204
1433,45.097878
1434,44.57747
1435,50.644047
1436,49.954273
1437,33.516056
1438,34.89696
1440,27.245382
1441,31.83047
1442,33.047977
1443,42.56067
1444,42.17217
1445,47.011086
1446,30.31923
1447,43.49701
1448,45.699944
1449,40.31563
1450,42.419273
1451,43.86563
1452,45.50937
1453,30.31923
1454,28.992357
1455,33.608025
1456,33.76922
1457,41.43432
1458,43.66459
1459,45.50937
1460,30.31923
1461,28.992357
1462,33.608025
1463,33.76922
1464,41.43432
1465,43.66459
1466,45.50937
1467,30.31923
1468,28.992357
1469,33.608025
1470,33.76922
1471,27.843222
1472,30.224285
1473,33.518246
1474,42.017944
1475,40.458992
1476,45.265266
1477,28.992357
1478,30.99262
1479,30.670275
1480,34.59234
1481,28.875786
1482,28.288746
1483,44.032383
1484,43.49701
1485,30.99262
1486,33.179344
1487,34.85537
1488,42.75562
1489,41.982845
1490,44.032383
1491,43.49701
1492,30.99262
1493,33.179344
1494,34.85537
1495,42.75562
1496,41.982845
1497,44.032383
1498,43.49701
1499,27.829256
1500,30.490196
1501,33.304035
1502,41.870667
1503,40.584206
1504,45.513206
1505,33.608025
1506,33.179344
1507,31.932852
1508,32.354893
1509,28.760576
1510,32.33
1511,46.330616
1512,45.699944
1513,30.670275
1514,31.932852
1515,34.709843
1516,41.25968
1517,40.783863
1518,46.330616
1519,45.699944
1520,30.670275
1521,31.932852
1522,34.709843
1523,41.25968
1524,40.783863
1525,46.330616
1526,45.699944
1527,30.670275
1528,31.932852
1530,47.947197
1531,56.618797
1532,58.07586
1533,74.60815
1534,74.16628
1535,82.78273
1536,53.407925
1537,76.598564
1538,80.47535
1539,70.99988
1540,75.052444
1541,76.77529
1542,80.13997
1543,53.407925
1544,51.07286
1545,59.19564
1546,59.479317
1547,72.968575
1548,76.89347
1549,80.13997
1550,53.407925
1551,51.07286
1552,59.19564
1553,59.479317
1554,72.968575
1555,76.89347
1556,80.13997
1557,53.407925
1558,51.07286
1559,59.19564
1560,59.479317
1561,49.08888
1562,53.189556
1563,58.83237
1564,73.83006
1565,71.15139
1566,79.71039
1567,51.07286
1568,54.59298
1569,54.025707
1570,60.927868
1571,51.044434
1572,49.834625
1573,77.540726
1574,76.598564
1575,54.59298
1576,58.44124
1577,61.390755
1578,75.44592
1579,74.08597
1580,77.540726
1581,76.598564
1582,54.59298
1583,58.44124
1584,61.390755
1585,75.44592
1586,74.08597
1587,77.540726
1588,76.598564
1589,49.20335
1590,53.657513
1591,58.455395
1592,73.23783
1593,71.27571
1594,80.14672
1595,59.19564
1596,58.44124
1597,56.247627
1598,56.99035
1599,50.841686
1600,56.946545
1601,81.78278
1602,80.47535
1603,54.025707
1604,56.247627
1605,61.13465
1606,72.66125
1607,71.93863
1608,81.78278
1609,80.47535
1610,54.025707
1611,56.247627
1612,61.13465
1613,72.66125
1614,71.93863
1615,81.78278
1616,80.47535
1617,54.025707
1618,56.247627
1620,41.59201
1621,48.54088
1622,49.255417
1623,64.29125
1624,63.937237
1625,71.52754
1626,46.05584
1627,66.05408
1628,69.39719
1629,61.2261
1630,65.002396
1631,66.029205
1632,69.10797
1633,46.05584
1634,44.042217
1635,51.07384
1636,51.33575
1637,62.96809
1638,66.30839
1639,69.10797
1640,46.05584
1641,44.042217
1642,51.07384
1643,51.33575
1644,62.96809
1645,66.30839
1646,69.10797
1647,46.05584
1648,44.042217
1649,51.07384
1650,51.33575
1651,42.63503
1652,45.884995
1653,50.552883
1654,63.719627
1655,61.41797
1656,68.878136
1657,44.042217
1658,47.07776
1659,46.58858
1660,52.766533
1661,44.18778
1662,42.974438
1663,66.86655
1664,66.05408
1665,47.07776
1666,50.07009
1667,52.61358
1668,65.060104
1669,63.887367
1670,66.86655
1671,66.05408
1672,47.07776
1673,50.07009
1674,52.61358
1675,65.060104
1676,63.887367
1677,66.86655
1678,66.05408
1679,42.561615
1680,46.288536
1681,50.227802
1682,63.208923
1683,61.675617
1684,69.11379
1685,51.07384
1686,50.07009
1687,48.50463
1688,49.371048
1689,43.84287
1690,48.865295
1691,70.52464
1692,69.39719
1693,46.58858
1694,48.50463
1695,52.718914
1696,62.658768
1697,62.03562
1698,70.52464
1699,69.39719
1700,46.58858
1701,48.50463
1702,52.718914
1703,62.658768
1704,62.03562
1705,70.52464
1706,69.39719
1707,46.58858
1708,48.50463
1710,43.712765
1711,50.903442
1712,51.879528
1713,68.70807
1714,68.08907
1715,75.81873
1716,49.614185
1717,70.517426
1718,73.976204
1719,64.917534
1720,69.236946
1721,69.588104
1722,73.255005
1723,49.614185
1724,47.47757
1725,54.87184
1726,55.14975
1727,67.24294
1728,70.28442
1729,73.255005
1730,49.614185
1731,47.47757
1732,54.87184
1733,55.14975
1734,67.24294
1735,70.28442
1736,73.255005
1737,49.614185
1738,47.47757
1739,54.87184
1740,55.14975
1741,45.23924
1742,48.705467
1743,53.549488
1744,68.0401
1745,66.39742
1746,73.0075
1747,47.47757
1748,50.382008
1749,49.93084
1750,56.56564
1751,46.412575
1752,45.787975
1753,71.37952
1754,70.517426
1755,50.382008
1756,53.05426
1757,55.75311
1758,69.25433
1759,68.00996
1760,71.37952
1761,70.517426
1762,50.382008
1763,53.05426
1764,55.75311
1765,69.25433
1766,68.00996
1767,71.37952
1768,70.517426
1769,45.16134
1770,48.959583
1771,53.204548
1772,67.47786
1773,66.03138
1774,73.41779
1775,54.87184
1776,53.05426
1777,51.96393
1778,53.06501
1779,46.046593
1780,51.822983
1781,75.51013
1782,73.976204
1783,49.93084
1784,51.96393
1785,56.36773
1786,67.01698
1787,66.355774
1788,75.51013
1789,73.976204
1790,49.93084
1791,51.96393
1792,56.36773
1793,67.01698
1794,66.355774
1795,75.51013
1796,73.976204
1797,49.93084
1798,51.96393
1800,22.142973
1801,26.287424
1802,26.605
1803,34.079346
1804,34.178387
1805,39.093132
1806,25.28506
1807,35.633163
1808,37.40899
1809,33.266163
1810,35.094612
1811,36.358715
1812,37.488705
1813,25.28506
1814,24.43777
1815,28.084377
1816,28.17715
1817,34.03715
1818,35.62687
1819,37.488705
1820,25.28506
1821,24.43777
1822,28.084377
1823,28.17715
1824,34.03715
1825,35.62687
1826,37.488705
1827,25.28506
1828,24.43777
1829,28.084377
1830,28.17715
1831,22.806776
1832,24.580906
1833,27.221663
1834,33.828
1835,32.937313
1836,37.10893
1837,24.43777
1838,25.169445
1839,25.238697
1840,28.695198
1841,23.762163
1842,23.107048
1843,36.10849
1844,35.633163
1845,25.169445
1846,27.065304
1847,28.403538
1848,35.01408
1849,34.535393
1850,36.10849
1851,35.633163
1852,25.169445
1853,27.065304
1854,28.403538
1855,35.01408
1856,34.535393
1857,36.10849
1858,35.633163
1859,22.977257
1860,24.734451
1861,27.09631
1862,33.247417
1863,33.320114
1864,37.275692
1865,28.084377
1866,27.065304
1867,26.443464
1868,26.723162
1869,23.72941
1870,26.202282
1871,37.874546
1872,37.40899
1873,25.238697
1874,26.443464
1875,28.431814
1876,33.982822
1877,33.331394
1878,37.874546
1879,37.40899
1880,25.238697
1881,26.443464
1882,28.431814
1883,33.982822
1884,33.331394
1885,37.874546
1886,37.40899
1887,25.238697
1888,26.443464
1890,31.334215
1891,37.227192
1892,37.72231
1893,48.39112
1894,48.40944
1895,54.858467
1896,35.843826
1897,50.319622
1898,52.95615
1899,47.104565
1900,49.358124
1901,51.480793
1902,53.113033
1903,35.843826
1904,34.655704
1905,39.681515
1906,39.812794
1907,48.410446
1908,50.30242
1909,53.113033
1910,35.843826
1911,34.655704
1912,39.681515
1913,39.812794
1914,48.410446
1915,50.30242
1916,53.113033
1917,35.843826
1918,34.655704
1919,39.681515
1920,39.812794
1921,32.494354
1922,34.39087
1923,38.137325
1924,47.97777
1925,46.653217
1926,52.41433
1927,34.655704
1928,35.512554
1929,35.734142
1930,40.5018
1931,33.655586
1932,32.728542
1933,50.992245
1934,50.319622
1935,35.512554
1936,38.334576
1937,40.291267
1938,49.567154
1939,48.90064
1940,50.992245
1941,50.319622
1942,35.512554
1943,38.334576
1944,40.291267
1945,49.567154
1946,48.90064
1947,50.992245
1948,50.319622
1949,32.620045
1950,34.671124
1951,37.978447
1952,47.17761
1953,47.056915
1954,52.761932
1955,39.681515
1956,38.334576
1957,37.538876
1958,37.7112
1959,33.609238
1960,37.108562
1961,53.551983
1962,52.95615
1963,35.734142
1964,37.538876
1965,40.21811
1966,47.984245
1967,47.062416
1968,53.551983
1969,52.95615
1970,35.734142
1971,37.538876
1972,40.21811
1973,47.984245
1974,47.062416
1975,53.551983
1976,52.95615
1977,35.734142
1978,37.538876
1980,27.861881
1981,33.03281
1982,33.577507
1983,43.074764
1984,43.03074
1985,49.11899
1986,31.877958
1987,44.65884
1988,47.072273
1989,41.87085
1990,43.53814
1991,45.760838
1992,47.260387
1993,31.877958
1994,30.821848
1995,35.219402
1996,35.336098
1997,42.833233
1998,44.762062
1999,47.260387
2000,31.877958
2001,30.821848
2002,35.219402
2003,35.336098
2004,42.833233
2005,44.762062
2006,47.260387
2007,31.877958
2008,30.821848
2009,35.219402
2010,35.336098
2011,28.923306
2012,30.56975
2013,33.899944
2014,42.70734
2015,41.469646
2016,46.705204
2017,30.821848
2018,31.496965
2019,31.763773
2020,36.001705
2021,29.676855
2022,29.092121
2023,45.25673
2024,44.65884
2025,31.496965
2026,34.075275
2027,35.814564
2028,44.059822
2029,43.467358
2030,45.25673
2031,44.65884
2032,31.496965
2033,34.075275
2034,35.814564
2035,44.059822
2036,43.467358
2037,45.25673
2038,44.65884
2039,29.02587
2040,30.818867
2041,33.758717
2042,41.996082
2043,41.82849
2044,46.982204
2045,35.219402
2046,34.075275
2047,33.36799
2048,33.521164
2049,29.689436
2050,32.985485
2051,47.601902
2052,47.072273
2053,31.763773
2054,33.36799
2055,35.749535
2056,42.65279
2057,41.83338
2058,47.601902
2059,47.072273
2060,31.763773
2061,33.36799
2062,35.749535
2063,42.65279
2064,41.83338
2065,47.601902
2066,47.072273
2067,31.763773
2068,33.36799
2070,25.684046
2071,30.477987
2072,30.980656
2073,39.8091
2074,39.666664
2075,45.177948
2076,29.410084
2077,41.182617
2078,43.432064
2079,38.19819
2080,40.21176
2081,41.951054
2082,43.605667
2083,29.410084
2084,28.223255
2085,32.37005
2086,32.47774
2087,39.396427
2088,41.3001
2089,43.605667
2090,29.410084
2091,28.223255
2092,32.37005
2093,32.47774
2094,39.396427
2095,41.3001
2096,43.605667
2097,29.410084
2098,28.223255
2099,32.37005
2100,32.47774
2101,26.409813
2102,28.445927
2103,31.361324
2104,39.342815
2105,38.16054
2106,43.068256
2107,28.223255
2108,29.036263
2109,29.30471
2110,32.781883
2111,27.376268
2112,26.653631
2113,41.73438
2114,41.182617
2115,29.036263
2116,31.437866
2117,33.042957
2118,40.652042
2119,39.89309
2120,41.73438
2121,41.182617
2122,29.036263
2123,31.437866
2124,33.042957
2125,40.652042
2126,39.89309
2127,41.73438
2128,41.182617
2129,26.547523
2130,28.675821
2131,31.230993
2132,38.68643
2133,38.4917
2134,43.323883
2135,32.37005
2136,31.437866
2137,30.572945
2138,30.492731
2139,27.296988
2140,30.361324
2141,43.92083
2142,43.432064
2143,29.30471
2144,30.572945
2145,32.96072
2146,39.331345
2147,38.57516
2148,43.92083
2149,43.432064
2150,29.30471
2151,30.572945
2152,32.96072
2153,39.331345
2154,38.57516
2155,43.92083
2156,43.432064
2157,29.30471
2158,30.572945
2160,18.63473
2161,22.210955
2162,22.39974
2163,28.932714
2164,28.50391
2165,32.210827
2166,21.087536
2167,29.679996
2168,31.26439
2169,27.556723
2170,28.951351
2171,30.150583
2172,31.30817
2173,21.087536
2174,20.113596
2175,23.237782
2176,23.347979
2177,28.40939
2178,29.802824
2179,31.30817
2180,21.087536
2181,20.113596
2182,23.237782
2183,23.347979
2184,28.40939
2185,29.802824
2186,31.30817
2187,21.087536
2188,20.113596
2189,23.237782
2190,23.347979
2191,19.158806
2192,20.442877
2193,22.650421
2194,28.570225
2195,27.31019
2196,30.946476
2197,20.113596
2198,21.060293
2199,20.989775
2200,23.686888
2201,19.669195
2202,19.361708
2203,30.045992
2204,29.679996
2205,21.060293
2206,22.76996
2207,23.850798
2208,29.251585
2209,28.759983
2210,30.045992
2211,29.679996
2212,21.060293
2213,22.76996
2214,23.850798
2215,29.251585
2216,28.759983
2217,30.045992
2218,29.679996
2219,19.258247
2220,20.608885
2221,22.540071
2222,28.038725
2223,27.501118
2224,31.115973
2225,23.237782
2226,22.76996
2227,21.962008
2228,22.15732
2229,19.611944
2230,21.994835
2231,31.695532
2232,31.26439
2233,20.989775
2234,21.962008
2235,23.745317
2236,28.150509
2237,27.82523
2238,31.695532
2239,31.26439
2240,20.989775
2241,21.962008
2242,23.745317
2243,28.150509
2244,27.82523
2245,31.695532
2246,31.26439
2247,20.989775
2248,21.962008
2250,18.61823
2251,22.305855
2252,22.542225
2253,28.91996
2254,28.695156
2255,32.102825
2256,20.76858
2257,29.71352
2258,31.215939
2259,27.540585
2260,28.98552
2261,30.04579
2262,31.085772
2263,20.76858
2264,19.979528
2265,23.100948
2266,23.211046
2267,28.40377
2268,29.825756
2269,31.085772
2270,20.76858
2271,19.979528
2272,23.100948
2273,23.211046
2274,28.40377
2275,29.825756
2276,31.085772
2277,20.76858
2278,19.979528
2279,23.100948
2280,23.211046
2281,19.141844
2282,20.40393
2283,22.695555
2284,28.61621
2285,27.502493
2286,30.910402
2287,19.979528
2288,21.101448
2289,20.950418
2290,23.725716
2291,19.674576
2292,19.273617
2293,30.07919
2294,29.71352
2295,21.101448
2296,22.664154
2297,23.808908
2298,29.204914
2299,28.79432
2300,30.07919
2301,29.71352
2302,21.101448
2303,22.664154
2304,23.808908
2305,29.204914
2306,28.79432
2307,30.07919
2308,29.71352
2309,19.241196
2310,20.569792
2311,22.585302
2312,28.501629
2313,27.69325
2314,31.079748
2315,23.100948
2316,22.664154
2317,22.002363
2318,22.197504
2319,19.595886
2320,22.035162
2321,31.646696
2322,31.215939
2323,20.950418
2324,22.002363
2325,23.784094
2326,28.185387
2327,27.860395
2328,31.646696
2329,31.215939
2330,20.950418
2331,22.002363
2332,23.784094
2333,28.185387
2334,27.860395
2335,31.646696
2336,31.215939
2337,20.950418
2338,22.002363
2340,16.993414
2341,20.011929
2342,20.755209
2343,26.69355
2344,26.402674
2345,29.510715
2346,19.082424
2347,27.294092
2348,28.673347
2349,25.299286
2350,26.618324
2351,27.477125
2352,28.553852
2353,19.082424
2354,18.358057
2355,21.223595
2356,21.324667
2357,26.00073
2358,27.397127
2359,28.553852
2360,19.082424
2361,18.358057
2362,21.223595
2363,21.324667
2364,26.00073
2365,27.397127
2366,28.553852
2367,19.082424
2368,18.358057
2369,21.223595
2370,21.324667
2371,17.520454
2372,18.859886
2373,20.850546
2374,26.34004
2375,25.264317
2376,28.41604
2377,18.358057
2378,19.453516
2379,19.249357
2380,21.710634
2381,18.078102
2382,17.710014
2383,27.629786
2384,27.294092
2385,19.453516
2386,20.822607
2387,21.873518
2388,26.827179
2389,26.450245
2390,27.629786
2391,27.294092
2392,19.453516
2393,20.822607
2394,21.873518
2395,26.827179
2396,26.450245
2397,27.629786
2398,27.294092
2399,17.611662
2400,18.928888
2401,20.716228
2402,26.234852
2403,25.40698
2404,28.571505
2405,21.223595
2406,20.822607
2407,20.215069
2408,20.307697
2409,18.005865
2410,20.245178
2411,29.068794
2412,28.673347
2413,19.249357
2414,20.215069
2415,21.850739
2416,25.89123
2417,25.59288
2418,29.068794
2419,28.673347
2420,19.249357
2421,20.215069
2422,21.850739
2423,25.89123
2424,25.59288
2425,29.068794
2426,28.673347
2427,19.249357
2428,20.215069
2430,30.002378
2431,35.71075
2432,36.591785
2433,46.959763
2434,46.55131
2435,52.102047
2436,33.69059
2437,48.188534
2438,50.62365
2439,44.66664
2440,47.215942
2441,48.21478
2442,50.412678
2443,33.69059
2444,32.411697
2445,37.47089
2446,37.649338
2447,45.905067
2448,48.370445
2449,50.412678
2450,33.69059
2451,32.411697
2452,37.47089
2453,37.649338
2454,45.905067
2455,48.370445
2456,50.412678
2457,33.69059
2458,32.411697
2459,37.47089
2460,37.649338
2461,30.989239
2462,33.29769
2463,36.715393
2464,46.44699
2465,44.541508
2466,50.16937
2467,32.411697
2468,34.345764
2469,33.985313
2470,38.330772
2471,32.0286
2472,31.267557
2473,48.78121
2474,48.188534
2475,34.345764
2476,36.762936
2477,38.618347
2478,47.459854
2479,46.794365
2480,48.78121
2481,48.188534
2482,34.345764
2483,36.762936
2484,38.618347
2485,47.459854
2486,46.794365
2487,48.78121
2488,48.188534
2489,31.237738
2490,33.419518
2491,36.478252
2492,45.89377
2493,44.73297
2494,50.443844
2495,37.47089
2496,36.762936
2497,35.690304
2498,35.853848
2499,31.901058
2500,35.743465
2501,51.446102
2502,50.62365
2503,33.985313
2504,35.690304
2505,38.57813
2506,45.71174
2507,45.257168
2508,51.446102
2509,50.62365
2510,33.985313
2511,35.690304
2512,38.57813
2513,45.71174
2514,45.257168
2515,51.446102
2516,50.62365
2517,33.985313
2518,35.690304
2520,25.801582
2521,30.351702
2522,30.766918
2523,40.116413
2524,39.865555
2525,44.629116
2526,28.80169
2527,41.195812
2528,43.277565
2529,38.18499
2530,40.539963
2531,41.1077
2532,43.097206
2533,28.80169
2534,27.70838
2535,32.05027
2536,32.213604
2537,39.27133
2538,41.35133
2539,43.097206
2540,28.80169
2541,27.70838
2542,32.05027
2543,32.213604
2544,39.27133
2545,41.35133
2546,43.097206
2547,28.80169
2548,27.70838
2549,32.05027
2550,32.213604
2551,26.76342
2552,28.4767
2553,31.225243
2554,39.740005
2555,38.197662
2556,42.97689
2557,27.70838
2558,29.36179
2559,29.053646
2560,32.909428
2561,27.486935
2562,26.730268
2563,41.702488
2564,41.195812
2565,29.36179
2566,31.224789
2567,32.81096
2568,40.572872
2569,40.003956
2570,41.702488
2571,41.195812
2572,29.36179
2573,31.224789
2574,32.81096
2575,40.572872
2576,40.003956
2577,41.702488
2578,41.195812
2579,26.868515
2580,28.580847
2581,31.022514
2582,39.26706
2583,38.455162
2584,43.12385
2585,32.05027
2586,31.224789
2587,30.511223
2588,30.791931
2589,27.271841
2590,30.40573
2591,43.98067
2592,43.277565
2593,29.053646
2594,30.511223
2595,32.979992
2596,39.07843
2597,38.689823
2598,43.98067
2599,43.277565
2600,29.053646
2601,30.511223
2602,32.979992
2603,39.07843
2604,38.689823
2605,43.98067
2606,43.277565
2607,29.053646
2608,30.511223
2610,27.307535
2611,31.819294
2612,32.531033
2613,43.10767
2614,42.68743
2615,47.475067
2616,31.196028
2617,44.22095
2618,46.095493
2619,40.709564
2620,43.418034
2621,43.624317
2622,45.903065
2623,31.196028
2624,30.029568
2625,34.62005
2626,34.79431
2627,42.1677
2628,44.040375
2629,45.903065
2630,31.196028
2631,30.029568
2632,34.62005
2633,34.79431
2634,42.1677
2635,44.040375
2636,45.903065
2637,31.196028
2638,30.029568
2639,34.62005
2640,34.79431
2641,28.554115
2642,30.296429
2643,33.2073
2644,42.667557
2645,41.418453
2646,45.712296
2647,30.029568
2648,31.595133
2649,31.308943
2650,35.47255
2651,29.092207
2652,28.637003
2653,44.761524
2654,44.22095
2655,31.595133
2656,33.236286
2657,34.928585
2658,43.425648
2659,42.818665
2660,44.761524
2661,44.22095
2662,31.595133
2663,33.236286
2664,34.928585
2665,43.425648
2666,42.818665
2667,44.761524
2668,44.22095
2669,28.66624
2670,30.263231
2671,33.101578
2672,42.150215
2673,41.18893
2674,46.06088
2675,34.62005
2676,33.236286
2677,32.864044
2678,33.277496
2679,28.86272
2680,32.423145
2681,47.05734
2682,46.095493
2683,31.308943
2684,32.864044
2685,35.45542
2686,42.026016
2687,41.61141
2688,47.05734
2689,46.095493
2690,31.308943
2691,32.864044
2692,35.45542
2693,42.026016
2694,41.61141
2695,47.05734
2696,46.095493
2697,31.308943
2698,32.864044
