id,date,hospital,item
0,01/07/21,1,1
1,02/07/21,1,1
2,03/07/21,1,1
3,04/07/21,1,1
4,05/07/21,1,1
5,06/07/21,1,1
6,07/07/21,1,1
7,08/07/21,1,1
8,09/07/21,1,1
9,10/07/21,1,1
10,11/07/21,1,1
11,12/07/21,1,1
12,13/07/21,1,1
13,14/07/21,1,1
14,15/07/21,1,1
15,16/07/21,1,1
16,17/07/21,1,1
17,18/07/21,1,1
18,19/07/21,1,1
19,20/07/21,1,1
20,21/07/21,1,1
21,22/07/21,1,1
22,23/07/21,1,1
23,24/07/21,1,1
24,25/07/21,1,1
25,26/07/21,1,1
26,27/07/21,1,1
27,28/07/21,1,1
28,29/07/21,1,1
29,30/07/21,1,1
30,31/07/21,1,1
31,01/08/21,1,1
32,02/08/21,1,1
33,03/08/21,1,1
34,04/08/21,1,1
35,05/08/21,1,1
36,06/08/21,1,1
37,07/08/21,1,1
38,08/08/21,1,1
39,09/08/21,1,1
40,10/08/21,1,1
41,11/08/21,1,1
42,12/08/21,1,1
43,13/08/21,1,1
44,14/08/21,1,1
45,15/08/21,1,1
46,16/08/21,1,1
47,17/08/21,1,1
48,18/08/21,1,1
49,19/08/21,1,1
50,20/08/21,1,1
51,21/08/21,1,1
52,22/08/21,1,1
53,23/08/21,1,1
54,24/08/21,1,1
55,25/08/21,1,1
56,26/08/21,1,1
57,27/08/21,1,1
58,28/08/21,1,1
59,01/09/21,1,1
60,02/09/21,1,1
61,03/09/21,1,1
62,04/09/21,1,1
63,05/09/21,1,1
64,06/09/21,1,1
65,07/09/21,1,1
66,08/09/21,1,1
67,09/09/21,1,1
68,10/09/21,1,1
69,11/09/21,1,1
70,12/09/21,1,1
71,13/09/21,1,1
72,14/09/21,1,1
73,15/09/21,1,1
74,16/09/21,1,1
75,17/09/21,1,1
76,18/09/21,1,1
77,19/09/21,1,1
78,20/09/21,1,1
79,21/09/21,1,1
80,22/09/21,1,1
81,23/09/21,1,1
82,24/09/21,1,1
83,25/09/21,1,1
84,26/09/21,1,1
85,27/09/21,1,1
86,28/09/21,1,1
87,29/09/21,1,1
88,30/09/21,1,1
90,01/07/21,2,1
91,02/07/21,2,1
92,03/07/21,2,1
93,04/07/21,2,1
94,05/07/21,2,1
95,06/07/21,2,1
96,07/07/21,2,1
97,08/07/21,2,1
98,09/07/21,2,1
99,10/07/21,2,1
100,11/07/21,2,1
101,12/07/21,2,1
102,13/07/21,2,1
103,14/07/21,2,1
104,15/07/21,2,1
105,16/07/21,2,1
106,17/07/21,2,1
107,18/07/21,2,1
108,19/07/21,2,1
109,20/07/21,2,1
110,21/07/21,2,1
111,22/07/21,2,1
112,23/07/21,2,1
113,24/07/21,2,1
114,25/07/21,2,1
115,26/07/21,2,1
116,27/07/21,2,1
117,28/07/21,2,1
118,29/07/21,2,1
119,30/07/21,2,1
120,31/07/21,2,1
121,01/08/21,2,1
122,02/08/21,2,1
123,03/08/21,2,1
124,04/08/21,2,1
125,05/08/21,2,1
126,06/08/21,2,1
127,07/08/21,2,1
128,08/08/21,2,1
129,09/08/21,2,1
130,10/08/21,2,1
131,11/08/21,2,1
132,12/08/21,2,1
133,13/08/21,2,1
134,14/08/21,2,1
135,15/08/21,2,1
136,16/08/21,2,1
137,17/08/21,2,1
138,18/08/21,2,1
139,19/08/21,2,1
140,20/08/21,2,1
141,21/08/21,2,1
142,22/08/21,2,1
143,23/08/21,2,1
144,24/08/21,2,1
145,25/08/21,2,1
146,26/08/21,2,1
147,27/08/21,2,1
148,28/08/21,2,1
149,01/09/21,2,1
150,02/09/21,2,1
151,03/09/21,2,1
152,04/09/21,2,1
153,05/09/21,2,1
154,06/09/21,2,1
155,07/09/21,2,1
156,08/09/21,2,1
157,09/09/21,2,1
158,10/09/21,2,1
159,11/09/21,2,1
160,12/09/21,2,1
161,13/09/21,2,1
162,14/09/21,2,1
163,15/09/21,2,1
164,16/09/21,2,1
165,17/09/21,2,1
166,18/09/21,2,1
167,19/09/21,2,1
168,20/09/21,2,1
169,21/09/21,2,1
170,22/09/21,2,1
171,23/09/21,2,1
172,24/09/21,2,1
173,25/09/21,2,1
174,26/09/21,2,1
175,27/09/21,2,1
176,28/09/21,2,1
177,29/09/21,2,1
178,30/09/21,2,1
180,01/07/21,3,1
181,02/07/21,3,1
182,03/07/21,3,1
183,04/07/21,3,1
184,05/07/21,3,1
185,06/07/21,3,1
186,07/07/21,3,1
187,08/07/21,3,1
188,09/07/21,3,1
189,10/07/21,3,1
190,11/07/21,3,1
191,12/07/21,3,1
192,13/07/21,3,1
193,14/07/21,3,1
194,15/07/21,3,1
195,16/07/21,3,1
196,17/07/21,3,1
197,18/07/21,3,1
198,19/07/21,3,1
199,20/07/21,3,1
200,21/07/21,3,1
201,22/07/21,3,1
202,23/07/21,3,1
203,24/07/21,3,1
204,25/07/21,3,1
205,26/07/21,3,1
206,27/07/21,3,1
207,28/07/21,3,1
208,29/07/21,3,1
209,30/07/21,3,1
210,31/07/21,3,1
211,01/08/21,3,1
212,02/08/21,3,1
213,03/08/21,3,1
214,04/08/21,3,1
215,05/08/21,3,1
216,06/08/21,3,1
217,07/08/21,3,1
218,08/08/21,3,1
219,09/08/21,3,1
220,10/08/21,3,1
221,11/08/21,3,1
222,12/08/21,3,1
223,13/08/21,3,1
224,14/08/21,3,1
225,15/08/21,3,1
226,16/08/21,3,1
227,17/08/21,3,1
228,18/08/21,3,1
229,19/08/21,3,1
230,20/08/21,3,1
231,21/08/21,3,1
232,22/08/21,3,1
233,23/08/21,3,1
234,24/08/21,3,1
235,25/08/21,3,1
236,26/08/21,3,1
237,27/08/21,3,1
238,28/08/21,3,1
239,01/09/21,3,1
240,02/09/21,3,1
241,03/09/21,3,1
242,04/09/21,3,1
243,05/09/21,3,1
244,06/09/21,3,1
245,07/09/21,3,1
246,08/09/21,3,1
247,09/09/21,3,1
248,10/09/21,3,1
249,11/09/21,3,1
250,12/09/21,3,1
251,13/09/21,3,1
252,14/09/21,3,1
253,15/09/21,3,1
254,16/09/21,3,1
255,17/09/21,3,1
256,18/09/21,3,1
257,19/09/21,3,1
258,20/09/21,3,1
259,21/09/21,3,1
260,22/09/21,3,1
261,23/09/21,3,1
262,24/09/21,3,1
263,25/09/21,3,1
264,26/09/21,3,1
265,27/09/21,3,1
266,28/09/21,3,1
267,29/09/21,3,1
268,30/09/21,3,1
270,01/07/21,4,1
271,02/07/21,4,1
272,03/07/21,4,1
273,04/07/21,4,1
274,05/07/21,4,1
275,06/07/21,4,1
276,07/07/21,4,1
277,08/07/21,4,1
278,09/07/21,4,1
279,10/07/21,4,1
280,11/07/21,4,1
281,12/07/21,4,1
282,13/07/21,4,1
283,14/07/21,4,1
284,15/07/21,4,1
285,16/07/21,4,1
286,17/07/21,4,1
287,18/07/21,4,1
288,19/07/21,4,1
289,20/07/21,4,1
290,21/07/21,4,1
291,22/07/21,4,1
292,23/07/21,4,1
293,24/07/21,4,1
294,25/07/21,4,1
295,26/07/21,4,1
296,27/07/21,4,1
297,28/07/21,4,1
298,29/07/21,4,1
299,30/07/21,4,1
300,31/07/21,4,1
301,01/08/21,4,1
302,02/08/21,4,1
303,03/08/21,4,1
304,04/08/21,4,1
305,05/08/21,4,1
306,06/08/21,4,1
307,07/08/21,4,1
308,08/08/21,4,1
309,09/08/21,4,1
310,10/08/21,4,1
311,11/08/21,4,1
312,12/08/21,4,1
313,13/08/21,4,1
314,14/08/21,4,1
315,15/08/21,4,1
316,16/08/21,4,1
317,17/08/21,4,1
318,18/08/21,4,1
319,19/08/21,4,1
320,20/08/21,4,1
321,21/08/21,4,1
322,22/08/21,4,1
323,23/08/21,4,1
324,24/08/21,4,1
325,25/08/21,4,1
326,26/08/21,4,1
327,27/08/21,4,1
328,28/08/21,4,1
329,01/09/21,4,1
330,02/09/21,4,1
331,03/09/21,4,1
332,04/09/21,4,1
333,05/09/21,4,1
334,06/09/21,4,1
335,07/09/21,4,1
336,08/09/21,4,1
337,09/09/21,4,1
338,10/09/21,4,1
339,11/09/21,4,1
340,12/09/21,4,1
341,13/09/21,4,1
342,14/09/21,4,1
343,15/09/21,4,1
344,16/09/21,4,1
345,17/09/21,4,1
346,18/09/21,4,1
347,19/09/21,4,1
348,20/09/21,4,1
349,21/09/21,4,1
350,22/09/21,4,1
351,23/09/21,4,1
352,24/09/21,4,1
353,25/09/21,4,1
354,26/09/21,4,1
355,27/09/21,4,1
356,28/09/21,4,1
357,29/09/21,4,1
358,30/09/21,4,1
360,01/07/21,5,1
361,02/07/21,5,1
362,03/07/21,5,1
363,04/07/21,5,1
364,05/07/21,5,1
365,06/07/21,5,1
366,07/07/21,5,1
367,08/07/21,5,1
368,09/07/21,5,1
369,10/07/21,5,1
370,11/07/21,5,1
371,12/07/21,5,1
372,13/07/21,5,1
373,14/07/21,5,1
374,15/07/21,5,1
375,16/07/21,5,1
376,17/07/21,5,1
377,18/07/21,5,1
378,19/07/21,5,1
379,20/07/21,5,1
380,21/07/21,5,1
381,22/07/21,5,1
382,23/07/21,5,1
383,24/07/21,5,1
384,25/07/21,5,1
385,26/07/21,5,1
386,27/07/21,5,1
387,28/07/21,5,1
388,29/07/21,5,1
389,30/07/21,5,1
390,31/07/21,5,1
391,01/08/21,5,1
392,02/08/21,5,1
393,03/08/21,5,1
394,04/08/21,5,1
395,05/08/21,5,1
396,06/08/21,5,1
397,07/08/21,5,1
398,08/08/21,5,1
399,09/08/21,5,1
400,10/08/21,5,1
401,11/08/21,5,1
402,12/08/21,5,1
403,13/08/21,5,1
404,14/08/21,5,1
405,15/08/21,5,1
406,16/08/21,5,1
407,17/08/21,5,1
408,18/08/21,5,1
409,19/08/21,5,1
410,20/08/21,5,1
411,21/08/21,5,1
412,22/08/21,5,1
413,23/08/21,5,1
414,24/08/21,5,1
415,25/08/21,5,1
416,26/08/21,5,1
417,27/08/21,5,1
418,28/08/21,5,1
419,01/09/21,5,1
420,02/09/21,5,1
421,03/09/21,5,1
422,04/09/21,5,1
423,05/09/21,5,1
424,06/09/21,5,1
425,07/09/21,5,1
426,08/09/21,5,1
427,09/09/21,5,1
428,10/09/21,5,1
429,11/09/21,5,1
430,12/09/21,5,1
431,13/09/21,5,1
432,14/09/21,5,1
433,15/09/21,5,1
434,16/09/21,5,1
435,17/09/21,5,1
436,18/09/21,5,1
437,19/09/21,5,1
438,20/09/21,5,1
439,21/09/21,5,1
440,22/09/21,5,1
441,23/09/21,5,1
442,24/09/21,5,1
443,25/09/21,5,1
444,26/09/21,5,1
445,27/09/21,5,1
446,28/09/21,5,1
447,29/09/21,5,1
448,30/09/21,5,1
450,01/07/21,6,1
451,02/07/21,6,1
452,03/07/21,6,1
453,04/07/21,6,1
454,05/07/21,6,1
455,06/07/21,6,1
456,07/07/21,6,1
457,08/07/21,6,1
458,09/07/21,6,1
459,10/07/21,6,1
460,11/07/21,6,1
461,12/07/21,6,1
462,13/07/21,6,1
463,14/07/21,6,1
464,15/07/21,6,1
465,16/07/21,6,1
466,17/07/21,6,1
467,18/07/21,6,1
468,19/07/21,6,1
469,20/07/21,6,1
470,21/07/21,6,1
471,22/07/21,6,1
472,23/07/21,6,1
473,24/07/21,6,1
474,25/07/21,6,1
475,26/07/21,6,1
476,27/07/21,6,1
477,28/07/21,6,1
478,29/07/21,6,1
479,30/07/21,6,1
480,31/07/21,6,1
481,01/08/21,6,1
482,02/08/21,6,1
483,03/08/21,6,1
484,04/08/21,6,1
485,05/08/21,6,1
486,06/08/21,6,1
487,07/08/21,6,1
488,08/08/21,6,1
489,09/08/21,6,1
490,10/08/21,6,1
491,11/08/21,6,1
492,12/08/21,6,1
493,13/08/21,6,1
494,14/08/21,6,1
495,15/08/21,6,1
496,16/08/21,6,1
497,17/08/21,6,1
498,18/08/21,6,1
499,19/08/21,6,1
500,20/08/21,6,1
501,21/08/21,6,1
502,22/08/21,6,1
503,23/08/21,6,1
504,24/08/21,6,1
505,25/08/21,6,1
506,26/08/21,6,1
507,27/08/21,6,1
508,28/08/21,6,1
509,01/09/21,6,1
510,02/09/21,6,1
511,03/09/21,6,1
512,04/09/21,6,1
513,05/09/21,6,1
514,06/09/21,6,1
515,07/09/21,6,1
516,08/09/21,6,1
517,09/09/21,6,1
518,10/09/21,6,1
519,11/09/21,6,1
520,12/09/21,6,1
521,13/09/21,6,1
522,14/09/21,6,1
523,15/09/21,6,1
524,16/09/21,6,1
525,17/09/21,6,1
526,18/09/21,6,1
527,19/09/21,6,1
528,20/09/21,6,1
529,21/09/21,6,1
530,22/09/21,6,1
531,23/09/21,6,1
532,24/09/21,6,1
533,25/09/21,6,1
534,26/09/21,6,1
535,27/09/21,6,1
536,28/09/21,6,1
537,29/09/21,6,1
538,30/09/21,6,1
540,01/07/21,7,1
541,02/07/21,7,1
542,03/07/21,7,1
543,04/07/21,7,1
544,05/07/21,7,1
545,06/07/21,7,1
546,07/07/21,7,1
547,08/07/21,7,1
548,09/07/21,7,1
549,10/07/21,7,1
550,11/07/21,7,1
551,12/07/21,7,1
552,13/07/21,7,1
553,14/07/21,7,1
554,15/07/21,7,1
555,16/07/21,7,1
556,17/07/21,7,1
557,18/07/21,7,1
558,19/07/21,7,1
559,20/07/21,7,1
560,21/07/21,7,1
561,22/07/21,7,1
562,23/07/21,7,1
563,24/07/21,7,1
564,25/07/21,7,1
565,26/07/21,7,1
566,27/07/21,7,1
567,28/07/21,7,1
568,29/07/21,7,1
569,30/07/21,7,1
570,31/07/21,7,1
571,01/08/21,7,1
572,02/08/21,7,1
573,03/08/21,7,1
574,04/08/21,7,1
575,05/08/21,7,1
576,06/08/21,7,1
577,07/08/21,7,1
578,08/08/21,7,1
579,09/08/21,7,1
580,10/08/21,7,1
581,11/08/21,7,1
582,12/08/21,7,1
583,13/08/21,7,1
584,14/08/21,7,1
585,15/08/21,7,1
586,16/08/21,7,1
587,17/08/21,7,1
588,18/08/21,7,1
589,19/08/21,7,1
590,20/08/21,7,1
591,21/08/21,7,1
592,22/08/21,7,1
593,23/08/21,7,1
594,24/08/21,7,1
595,25/08/21,7,1
596,26/08/21,7,1
597,27/08/21,7,1
598,28/08/21,7,1
599,01/09/21,7,1
600,02/09/21,7,1
601,03/09/21,7,1
602,04/09/21,7,1
603,05/09/21,7,1
604,06/09/21,7,1
605,07/09/21,7,1
606,08/09/21,7,1
607,09/09/21,7,1
608,10/09/21,7,1
609,11/09/21,7,1
610,12/09/21,7,1
611,13/09/21,7,1
612,14/09/21,7,1
613,15/09/21,7,1
614,16/09/21,7,1
615,17/09/21,7,1
616,18/09/21,7,1
617,19/09/21,7,1
618,20/09/21,7,1
619,21/09/21,7,1
620,22/09/21,7,1
621,23/09/21,7,1
622,24/09/21,7,1
623,25/09/21,7,1
624,26/09/21,7,1
625,27/09/21,7,1
626,28/09/21,7,1
627,29/09/21,7,1
628,30/09/21,7,1
630,01/07/21,8,1
631,02/07/21,8,1
632,03/07/21,8,1
633,04/07/21,8,1
634,05/07/21,8,1
635,06/07/21,8,1
636,07/07/21,8,1
637,08/07/21,8,1
638,09/07/21,8,1
639,10/07/21,8,1
640,11/07/21,8,1
641,12/07/21,8,1
642,13/07/21,8,1
643,14/07/21,8,1
644,15/07/21,8,1
645,16/07/21,8,1
646,17/07/21,8,1
647,18/07/21,8,1
648,19/07/21,8,1
649,20/07/21,8,1
650,21/07/21,8,1
651,22/07/21,8,1
652,23/07/21,8,1
653,24/07/21,8,1
654,25/07/21,8,1
655,26/07/21,8,1
656,27/07/21,8,1
657,28/07/21,8,1
658,29/07/21,8,1
659,30/07/21,8,1
660,31/07/21,8,1
661,01/08/21,8,1
662,02/08/21,8,1
663,03/08/21,8,1
664,04/08/21,8,1
665,05/08/21,8,1
666,06/08/21,8,1
667,07/08/21,8,1
668,08/08/21,8,1
669,09/08/21,8,1
670,10/08/21,8,1
671,11/08/21,8,1
672,12/08/21,8,1
673,13/08/21,8,1
674,14/08/21,8,1
675,15/08/21,8,1
676,16/08/21,8,1
677,17/08/21,8,1
678,18/08/21,8,1
679,19/08/21,8,1
680,20/08/21,8,1
681,21/08/21,8,1
682,22/08/21,8,1
683,23/08/21,8,1
684,24/08/21,8,1
685,25/08/21,8,1
686,26/08/21,8,1
687,27/08/21,8,1
688,28/08/21,8,1
689,01/09/21,8,1
690,02/09/21,8,1
691,03/09/21,8,1
692,04/09/21,8,1
693,05/09/21,8,1
694,06/09/21,8,1
695,07/09/21,8,1
696,08/09/21,8,1
697,09/09/21,8,1
698,10/09/21,8,1
699,11/09/21,8,1
700,12/09/21,8,1
701,13/09/21,8,1
702,14/09/21,8,1
703,15/09/21,8,1
704,16/09/21,8,1
705,17/09/21,8,1
706,18/09/21,8,1
707,19/09/21,8,1
708,20/09/21,8,1
709,21/09/21,8,1
710,22/09/21,8,1
711,23/09/21,8,1
712,24/09/21,8,1
713,25/09/21,8,1
714,26/09/21,8,1
715,27/09/21,8,1
716,28/09/21,8,1
717,29/09/21,8,1
718,30/09/21,8,1
720,01/07/21,9,1
721,02/07/21,9,1
722,03/07/21,9,1
723,04/07/21,9,1
724,05/07/21,9,1
725,06/07/21,9,1
726,07/07/21,9,1
727,08/07/21,9,1
728,09/07/21,9,1
729,10/07/21,9,1
730,11/07/21,9,1
731,12/07/21,9,1
732,13/07/21,9,1
733,14/07/21,9,1
734,15/07/21,9,1
735,16/07/21,9,1
736,17/07/21,9,1
737,18/07/21,9,1
738,19/07/21,9,1
739,20/07/21,9,1
740,21/07/21,9,1
741,22/07/21,9,1
742,23/07/21,9,1
743,24/07/21,9,1
744,25/07/21,9,1
745,26/07/21,9,1
746,27/07/21,9,1
747,28/07/21,9,1
748,29/07/21,9,1
749,30/07/21,9,1
750,31/07/21,9,1
751,01/08/21,9,1
752,02/08/21,9,1
753,03/08/21,9,1
754,04/08/21,9,1
755,05/08/21,9,1
756,06/08/21,9,1
757,07/08/21,9,1
758,08/08/21,9,1
759,09/08/21,9,1
760,10/08/21,9,1
761,11/08/21,9,1
762,12/08/21,9,1
763,13/08/21,9,1
764,14/08/21,9,1
765,15/08/21,9,1
766,16/08/21,9,1
767,17/08/21,9,1
768,18/08/21,9,1
769,19/08/21,9,1
770,20/08/21,9,1
771,21/08/21,9,1
772,22/08/21,9,1
773,23/08/21,9,1
774,24/08/21,9,1
775,25/08/21,9,1
776,26/08/21,9,1
777,27/08/21,9,1
778,28/08/21,9,1
779,01/09/21,9,1
780,02/09/21,9,1
781,03/09/21,9,1
782,04/09/21,9,1
783,05/09/21,9,1
784,06/09/21,9,1
785,07/09/21,9,1
786,08/09/21,9,1
787,09/09/21,9,1
788,10/09/21,9,1
789,11/09/21,9,1
790,12/09/21,9,1
791,13/09/21,9,1
792,14/09/21,9,1
793,15/09/21,9,1
794,16/09/21,9,1
795,17/09/21,9,1
796,18/09/21,9,1
797,19/09/21,9,1
798,20/09/21,9,1
799,21/09/21,9,1
800,22/09/21,9,1
801,23/09/21,9,1
802,24/09/21,9,1
803,25/09/21,9,1
804,26/09/21,9,1
805,27/09/21,9,1
806,28/09/21,9,1
807,29/09/21,9,1
808,30/09/21,9,1
810,01/07/21,10,1
811,02/07/21,10,1
812,03/07/21,10,1
813,04/07/21,10,1
814,05/07/21,10,1
815,06/07/21,10,1
816,07/07/21,10,1
817,08/07/21,10,1
818,09/07/21,10,1
819,10/07/21,10,1
820,11/07/21,10,1
821,12/07/21,10,1
822,13/07/21,10,1
823,14/07/21,10,1
824,15/07/21,10,1
825,16/07/21,10,1
826,17/07/21,10,1
827,18/07/21,10,1
828,19/07/21,10,1
829,20/07/21,10,1
830,21/07/21,10,1
831,22/07/21,10,1
832,23/07/21,10,1
833,24/07/21,10,1
834,25/07/21,10,1
835,26/07/21,10,1
836,27/07/21,10,1
837,28/07/21,10,1
838,29/07/21,10,1
839,30/07/21,10,1
840,31/07/21,10,1
841,01/08/21,10,1
842,02/08/21,10,1
843,03/08/21,10,1
844,04/08/21,10,1
845,05/08/21,10,1
846,06/08/21,10,1
847,07/08/21,10,1
848,08/08/21,10,1
849,09/08/21,10,1
850,10/08/21,10,1
851,11/08/21,10,1
852,12/08/21,10,1
853,13/08/21,10,1
854,14/08/21,10,1
855,15/08/21,10,1
856,16/08/21,10,1
857,17/08/21,10,1
858,18/08/21,10,1
859,19/08/21,10,1
860,20/08/21,10,1
861,21/08/21,10,1
862,22/08/21,10,1
863,23/08/21,10,1
864,24/08/21,10,1
865,25/08/21,10,1
866,26/08/21,10,1
867,27/08/21,10,1
868,28/08/21,10,1
869,01/09/21,10,1
870,02/09/21,10,1
871,03/09/21,10,1
872,04/09/21,10,1
873,05/09/21,10,1
874,06/09/21,10,1
875,07/09/21,10,1
876,08/09/21,10,1
877,09/09/21,10,1
878,10/09/21,10,1
879,11/09/21,10,1
880,12/09/21,10,1
881,13/09/21,10,1
882,14/09/21,10,1
883,15/09/21,10,1
884,16/09/21,10,1
885,17/09/21,10,1
886,18/09/21,10,1
887,19/09/21,10,1
888,20/09/21,10,1
889,21/09/21,10,1
890,22/09/21,10,1
891,23/09/21,10,1
892,24/09/21,10,1
893,25/09/21,10,1
894,26/09/21,10,1
895,27/09/21,10,1
896,28/09/21,10,1
897,29/09/21,10,1
898,30/09/21,10,1
900,01/07/21,1,2
901,02/07/21,1,2
902,03/07/21,1,2
903,04/07/21,1,2
904,05/07/21,1,2
905,06/07/21,1,2
906,07/07/21,1,2
907,08/07/21,1,2
908,09/07/21,1,2
909,10/07/21,1,2
910,11/07/21,1,2
911,12/07/21,1,2
912,13/07/21,1,2
913,14/07/21,1,2
914,15/07/21,1,2
915,16/07/21,1,2
916,17/07/21,1,2
917,18/07/21,1,2
918,19/07/21,1,2
919,20/07/21,1,2
920,21/07/21,1,2
921,22/07/21,1,2
922,23/07/21,1,2
923,24/07/21,1,2
924,25/07/21,1,2
925,26/07/21,1,2
926,27/07/21,1,2
927,28/07/21,1,2
928,29/07/21,1,2
929,30/07/21,1,2
930,31/07/21,1,2
931,01/08/21,1,2
932,02/08/21,1,2
933,03/08/21,1,2
934,04/08/21,1,2
935,05/08/21,1,2
936,06/08/21,1,2
937,07/08/21,1,2
938,08/08/21,1,2
939,09/08/21,1,2
940,10/08/21,1,2
941,11/08/21,1,2
942,12/08/21,1,2
943,13/08/21,1,2
944,14/08/21,1,2
945,15/08/21,1,2
946,16/08/21,1,2
947,17/08/21,1,2
948,18/08/21,1,2
949,19/08/21,1,2
950,20/08/21,1,2
951,21/08/21,1,2
952,22/08/21,1,2
953,23/08/21,1,2
954,24/08/21,1,2
955,25/08/21,1,2
956,26/08/21,1,2
957,27/08/21,1,2
958,28/08/21,1,2
959,01/09/21,1,2
960,02/09/21,1,2
961,03/09/21,1,2
962,04/09/21,1,2
963,05/09/21,1,2
964,06/09/21,1,2
965,07/09/21,1,2
966,08/09/21,1,2
967,09/09/21,1,2
968,10/09/21,1,2
969,11/09/21,1,2
970,12/09/21,1,2
971,13/09/21,1,2
972,14/09/21,1,2
973,15/09/21,1,2
974,16/09/21,1,2
975,17/09/21,1,2
976,18/09/21,1,2
977,19/09/21,1,2
978,20/09/21,1,2
979,21/09/21,1,2
980,22/09/21,1,2
981,23/09/21,1,2
982,24/09/21,1,2
983,25/09/21,1,2
984,26/09/21,1,2
985,27/09/21,1,2
986,28/09/21,1,2
987,29/09/21,1,2
988,30/09/21,1,2
990,01/07/21,2,2
991,02/07/21,2,2
992,03/07/21,2,2
993,04/07/21,2,2
994,05/07/21,2,2
995,06/07/21,2,2
996,07/07/21,2,2
997,08/07/21,2,2
998,09/07/21,2,2
999,10/07/21,2,2
1000,11/07/21,2,2
1001,12/07/21,2,2
1002,13/07/21,2,2
1003,14/07/21,2,2
1004,15/07/21,2,2
1005,16/07/21,2,2
1006,17/07/21,2,2
1007,18/07/21,2,2
1008,19/07/21,2,2
1009,20/07/21,2,2
1010,21/07/21,2,2
1011,22/07/21,2,2
1012,23/07/21,2,2
1013,24/07/21,2,2
1014,25/07/21,2,2
1015,26/07/21,2,2
1016,27/07/21,2,2
1017,28/07/21,2,2
1018,29/07/21,2,2
1019,30/07/21,2,2
1020,31/07/21,2,2
1021,01/08/21,2,2
1022,02/08/21,2,2
1023,03/08/21,2,2
1024,04/08/21,2,2
1025,05/08/21,2,2
1026,06/08/21,2,2
1027,07/08/21,2,2
1028,08/08/21,2,2
1029,09/08/21,2,2
1030,10/08/21,2,2
1031,11/08/21,2,2
1032,12/08/21,2,2
1033,13/08/21,2,2
1034,14/08/21,2,2
1035,15/08/21,2,2
1036,16/08/21,2,2
1037,17/08/21,2,2
1038,18/08/21,2,2
1039,19/08/21,2,2
1040,20/08/21,2,2
1041,21/08/21,2,2
1042,22/08/21,2,2
1043,23/08/21,2,2
1044,24/08/21,2,2
1045,25/08/21,2,2
1046,26/08/21,2,2
1047,27/08/21,2,2
1048,28/08/21,2,2
1049,01/09/21,2,2
1050,02/09/21,2,2
1051,03/09/21,2,2
1052,04/09/21,2,2
1053,05/09/21,2,2
1054,06/09/21,2,2
1055,07/09/21,2,2
1056,08/09/21,2,2
1057,09/09/21,2,2
1058,10/09/21,2,2
1059,11/09/21,2,2
1060,12/09/21,2,2
1061,13/09/21,2,2
1062,14/09/21,2,2
1063,15/09/21,2,2
1064,16/09/21,2,2
1065,17/09/21,2,2
1066,18/09/21,2,2
1067,19/09/21,2,2
1068,20/09/21,2,2
1069,21/09/21,2,2
1070,22/09/21,2,2
1071,23/09/21,2,2
1072,24/09/21,2,2
1073,25/09/21,2,2
1074,26/09/21,2,2
1075,27/09/21,2,2
1076,28/09/21,2,2
1077,29/09/21,2,2
1078,30/09/21,2,2
1080,01/07/21,3,2
1081,02/07/21,3,2
1082,03/07/21,3,2
1083,04/07/21,3,2
1084,05/07/21,3,2
1085,06/07/21,3,2
1086,07/07/21,3,2
1087,08/07/21,3,2
1088,09/07/21,3,2
1089,10/07/21,3,2
1090,11/07/21,3,2
1091,12/07/21,3,2
1092,13/07/21,3,2
1093,14/07/21,3,2
1094,15/07/21,3,2
1095,16/07/21,3,2
1096,17/07/21,3,2
1097,18/07/21,3,2
1098,19/07/21,3,2
1099,20/07/21,3,2
1100,21/07/21,3,2
1101,22/07/21,3,2
1102,23/07/21,3,2
1103,24/07/21,3,2
1104,25/07/21,3,2
1105,26/07/21,3,2
1106,27/07/21,3,2
1107,28/07/21,3,2
1108,29/07/21,3,2
1109,30/07/21,3,2
1110,31/07/21,3,2
1111,01/08/21,3,2
1112,02/08/21,3,2
1113,03/08/21,3,2
1114,04/08/21,3,2
1115,05/08/21,3,2
1116,06/08/21,3,2
1117,07/08/21,3,2
1118,08/08/21,3,2
1119,09/08/21,3,2
1120,10/08/21,3,2
1121,11/08/21,3,2
1122,12/08/21,3,2
1123,13/08/21,3,2
1124,14/08/21,3,2
1125,15/08/21,3,2
1126,16/08/21,3,2
1127,17/08/21,3,2
1128,18/08/21,3,2
1129,19/08/21,3,2
1130,20/08/21,3,2
1131,21/08/21,3,2
1132,22/08/21,3,2
1133,23/08/21,3,2
1134,24/08/21,3,2
1135,25/08/21,3,2
1136,26/08/21,3,2
1137,27/08/21,3,2
1138,28/08/21,3,2
1139,01/09/21,3,2
1140,02/09/21,3,2
1141,03/09/21,3,2
1142,04/09/21,3,2
1143,05/09/21,3,2
1144,06/09/21,3,2
1145,07/09/21,3,2
1146,08/09/21,3,2
1147,09/09/21,3,2
1148,10/09/21,3,2
1149,11/09/21,3,2
1150,12/09/21,3,2
1151,13/09/21,3,2
1152,14/09/21,3,2
1153,15/09/21,3,2
1154,16/09/21,3,2
1155,17/09/21,3,2
1156,18/09/21,3,2
1157,19/09/21,3,2
1158,20/09/21,3,2
1159,21/09/21,3,2
1160,22/09/21,3,2
1161,23/09/21,3,2
1162,24/09/21,3,2
1163,25/09/21,3,2
1164,26/09/21,3,2
1165,27/09/21,3,2
1166,28/09/21,3,2
1167,29/09/21,3,2
1168,30/09/21,3,2
1170,01/07/21,4,2
1171,02/07/21,4,2
1172,03/07/21,4,2
1173,04/07/21,4,2
1174,05/07/21,4,2
1175,06/07/21,4,2
1176,07/07/21,4,2
1177,08/07/21,4,2
1178,09/07/21,4,2
1179,10/07/21,4,2
1180,11/07/21,4,2
1181,12/07/21,4,2
1182,13/07/21,4,2
1183,14/07/21,4,2
1184,15/07/21,4,2
1185,16/07/21,4,2
1186,17/07/21,4,2
1187,18/07/21,4,2
1188,19/07/21,4,2
1189,20/07/21,4,2
1190,21/07/21,4,2
1191,22/07/21,4,2
1192,23/07/21,4,2
1193,24/07/21,4,2
1194,25/07/21,4,2
1195,26/07/21,4,2
1196,27/07/21,4,2
1197,28/07/21,4,2
1198,29/07/21,4,2
1199,30/07/21,4,2
1200,31/07/21,4,2
1201,01/08/21,4,2
1202,02/08/21,4,2
1203,03/08/21,4,2
1204,04/08/21,4,2
1205,05/08/21,4,2
1206,06/08/21,4,2
1207,07/08/21,4,2
1208,08/08/21,4,2
1209,09/08/21,4,2
1210,10/08/21,4,2
1211,11/08/21,4,2
1212,12/08/21,4,2
1213,13/08/21,4,2
1214,14/08/21,4,2
1215,15/08/21,4,2
1216,16/08/21,4,2
1217,17/08/21,4,2
1218,18/08/21,4,2
1219,19/08/21,4,2
1220,20/08/21,4,2
1221,21/08/21,4,2
1222,22/08/21,4,2
1223,23/08/21,4,2
1224,24/08/21,4,2
1225,25/08/21,4,2
1226,26/08/21,4,2
1227,27/08/21,4,2
1228,28/08/21,4,2
1229,01/09/21,4,2
1230,02/09/21,4,2
1231,03/09/21,4,2
1232,04/09/21,4,2
1233,05/09/21,4,2
1234,06/09/21,4,2
1235,07/09/21,4,2
1236,08/09/21,4,2
1237,09/09/21,4,2
1238,10/09/21,4,2
1239,11/09/21,4,2
1240,12/09/21,4,2
1241,13/09/21,4,2
1242,14/09/21,4,2
1243,15/09/21,4,2
1244,16/09/21,4,2
1245,17/09/21,4,2
1246,18/09/21,4,2
1247,19/09/21,4,2
1248,20/09/21,4,2
1249,21/09/21,4,2
1250,22/09/21,4,2
1251,23/09/21,4,2
1252,24/09/21,4,2
1253,25/09/21,4,2
1254,26/09/21,4,2
1255,27/09/21,4,2
1256,28/09/21,4,2
1257,29/09/21,4,2
1258,30/09/21,4,2
1260,01/07/21,5,2
1261,02/07/21,5,2
1262,03/07/21,5,2
1263,04/07/21,5,2
1264,05/07/21,5,2
1265,06/07/21,5,2
1266,07/07/21,5,2
1267,08/07/21,5,2
1268,09/07/21,5,2
1269,10/07/21,5,2
1270,11/07/21,5,2
1271,12/07/21,5,2
1272,13/07/21,5,2
1273,14/07/21,5,2
1274,15/07/21,5,2
1275,16/07/21,5,2
1276,17/07/21,5,2
1277,18/07/21,5,2
1278,19/07/21,5,2
1279,20/07/21,5,2
1280,21/07/21,5,2
1281,22/07/21,5,2
1282,23/07/21,5,2
1283,24/07/21,5,2
1284,25/07/21,5,2
1285,26/07/21,5,2
1286,27/07/21,5,2
1287,28/07/21,5,2
1288,29/07/21,5,2
1289,30/07/21,5,2
1290,31/07/21,5,2
1291,01/08/21,5,2
1292,02/08/21,5,2
1293,03/08/21,5,2
1294,04/08/21,5,2
1295,05/08/21,5,2
1296,06/08/21,5,2
1297,07/08/21,5,2
1298,08/08/21,5,2
1299,09/08/21,5,2
1300,10/08/21,5,2
1301,11/08/21,5,2
1302,12/08/21,5,2
1303,13/08/21,5,2
1304,14/08/21,5,2
1305,15/08/21,5,2
1306,16/08/21,5,2
1307,17/08/21,5,2
1308,18/08/21,5,2
1309,19/08/21,5,2
1310,20/08/21,5,2
1311,21/08/21,5,2
1312,22/08/21,5,2
1313,23/08/21,5,2
1314,24/08/21,5,2
1315,25/08/21,5,2
1316,26/08/21,5,2
1317,27/08/21,5,2
1318,28/08/21,5,2
1319,01/09/21,5,2
1320,02/09/21,5,2
1321,03/09/21,5,2
1322,04/09/21,5,2
1323,05/09/21,5,2
1324,06/09/21,5,2
1325,07/09/21,5,2
1326,08/09/21,5,2
1327,09/09/21,5,2
1328,10/09/21,5,2
1329,11/09/21,5,2
1330,12/09/21,5,2
1331,13/09/21,5,2
1332,14/09/21,5,2
1333,15/09/21,5,2
1334,16/09/21,5,2
1335,17/09/21,5,2
1336,18/09/21,5,2
1337,19/09/21,5,2
1338,20/09/21,5,2
1339,21/09/21,5,2
1340,22/09/21,5,2
1341,23/09/21,5,2
1342,24/09/21,5,2
1343,25/09/21,5,2
1344,26/09/21,5,2
1345,27/09/21,5,2
1346,28/09/21,5,2
1347,29/09/21,5,2
1348,30/09/21,5,2
1350,01/07/21,6,2
1351,02/07/21,6,2
1352,03/07/21,6,2
1353,04/07/21,6,2
1354,05/07/21,6,2
1355,06/07/21,6,2
1356,07/07/21,6,2
1357,08/07/21,6,2
1358,09/07/21,6,2
1359,10/07/21,6,2
1360,11/07/21,6,2
1361,12/07/21,6,2
1362,13/07/21,6,2
1363,14/07/21,6,2
1364,15/07/21,6,2
1365,16/07/21,6,2
1366,17/07/21,6,2
1367,18/07/21,6,2
1368,19/07/21,6,2
1369,20/07/21,6,2
1370,21/07/21,6,2
1371,22/07/21,6,2
1372,23/07/21,6,2
1373,24/07/21,6,2
1374,25/07/21,6,2
1375,26/07/21,6,2
1376,27/07/21,6,2
1377,28/07/21,6,2
1378,29/07/21,6,2
1379,30/07/21,6,2
1380,31/07/21,6,2
1381,01/08/21,6,2
1382,02/08/21,6,2
1383,03/08/21,6,2
1384,04/08/21,6,2
1385,05/08/21,6,2
1386,06/08/21,6,2
1387,07/08/21,6,2
1388,08/08/21,6,2
1389,09/08/21,6,2
1390,10/08/21,6,2
1391,11/08/21,6,2
1392,12/08/21,6,2
1393,13/08/21,6,2
1394,14/08/21,6,2
1395,15/08/21,6,2
1396,16/08/21,6,2
1397,17/08/21,6,2
1398,18/08/21,6,2
1399,19/08/21,6,2
1400,20/08/21,6,2
1401,21/08/21,6,2
1402,22/08/21,6,2
1403,23/08/21,6,2
1404,24/08/21,6,2
1405,25/08/21,6,2
1406,26/08/21,6,2
1407,27/08/21,6,2
1408,28/08/21,6,2
1409,01/09/21,6,2
1410,02/09/21,6,2
1411,03/09/21,6,2
1412,04/09/21,6,2
1413,05/09/21,6,2
1414,06/09/21,6,2
1415,07/09/21,6,2
1416,08/09/21,6,2
1417,09/09/21,6,2
1418,10/09/21,6,2
1419,11/09/21,6,2
1420,12/09/21,6,2
1421,13/09/21,6,2
1422,14/09/21,6,2
1423,15/09/21,6,2
1424,16/09/21,6,2
1425,17/09/21,6,2
1426,18/09/21,6,2
1427,19/09/21,6,2
1428,20/09/21,6,2
1429,21/09/21,6,2
1430,22/09/21,6,2
1431,23/09/21,6,2
1432,24/09/21,6,2
1433,25/09/21,6,2
1434,26/09/21,6,2
1435,27/09/21,6,2
1436,28/09/21,6,2
1437,29/09/21,6,2
1438,30/09/21,6,2
1440,01/07/21,7,2
1441,02/07/21,7,2
1442,03/07/21,7,2
1443,04/07/21,7,2
1444,05/07/21,7,2
1445,06/07/21,7,2
1446,07/07/21,7,2
1447,08/07/21,7,2
1448,09/07/21,7,2
1449,10/07/21,7,2
1450,11/07/21,7,2
1451,12/07/21,7,2
1452,13/07/21,7,2
1453,14/07/21,7,2
1454,15/07/21,7,2
1455,16/07/21,7,2
1456,17/07/21,7,2
1457,18/07/21,7,2
1458,19/07/21,7,2
1459,20/07/21,7,2
1460,21/07/21,7,2
1461,22/07/21,7,2
1462,23/07/21,7,2
1463,24/07/21,7,2
1464,25/07/21,7,2
1465,26/07/21,7,2
1466,27/07/21,7,2
1467,28/07/21,7,2
1468,29/07/21,7,2
1469,30/07/21,7,2
1470,31/07/21,7,2
1471,01/08/21,7,2
1472,02/08/21,7,2
1473,03/08/21,7,2
1474,04/08/21,7,2
1475,05/08/21,7,2
1476,06/08/21,7,2
1477,07/08/21,7,2
1478,08/08/21,7,2
1479,09/08/21,7,2
1480,10/08/21,7,2
1481,11/08/21,7,2
1482,12/08/21,7,2
1483,13/08/21,7,2
1484,14/08/21,7,2
1485,15/08/21,7,2
1486,16/08/21,7,2
1487,17/08/21,7,2
1488,18/08/21,7,2
1489,19/08/21,7,2
1490,20/08/21,7,2
1491,21/08/21,7,2
1492,22/08/21,7,2
1493,23/08/21,7,2
1494,24/08/21,7,2
1495,25/08/21,7,2
1496,26/08/21,7,2
1497,27/08/21,7,2
1498,28/08/21,7,2
1499,01/09/21,7,2
1500,02/09/21,7,2
1501,03/09/21,7,2
1502,04/09/21,7,2
1503,05/09/21,7,2
1504,06/09/21,7,2
1505,07/09/21,7,2
1506,08/09/21,7,2
1507,09/09/21,7,2
1508,10/09/21,7,2
1509,11/09/21,7,2
1510,12/09/21,7,2
1511,13/09/21,7,2
1512,14/09/21,7,2
1513,15/09/21,7,2
1514,16/09/21,7,2
1515,17/09/21,7,2
1516,18/09/21,7,2
1517,19/09/21,7,2
1518,20/09/21,7,2
1519,21/09/21,7,2
1520,22/09/21,7,2
1521,23/09/21,7,2
1522,24/09/21,7,2
1523,25/09/21,7,2
1524,26/09/21,7,2
1525,27/09/21,7,2
1526,28/09/21,7,2
1527,29/09/21,7,2
1528,30/09/21,7,2
1530,01/07/21,8,2
1531,02/07/21,8,2
1532,03/07/21,8,2
1533,04/07/21,8,2
1534,05/07/21,8,2
1535,06/07/21,8,2
1536,07/07/21,8,2
1537,08/07/21,8,2
1538,09/07/21,8,2
1539,10/07/21,8,2
1540,11/07/21,8,2
1541,12/07/21,8,2
1542,13/07/21,8,2
1543,14/07/21,8,2
1544,15/07/21,8,2
1545,16/07/21,8,2
1546,17/07/21,8,2
1547,18/07/21,8,2
1548,19/07/21,8,2
1549,20/07/21,8,2
1550,21/07/21,8,2
1551,22/07/21,8,2
1552,23/07/21,8,2
1553,24/07/21,8,2
1554,25/07/21,8,2
1555,26/07/21,8,2
1556,27/07/21,8,2
1557,28/07/21,8,2
1558,29/07/21,8,2
1559,30/07/21,8,2
1560,31/07/21,8,2
1561,01/08/21,8,2
1562,02/08/21,8,2
1563,03/08/21,8,2
1564,04/08/21,8,2
1565,05/08/21,8,2
1566,06/08/21,8,2
1567,07/08/21,8,2
1568,08/08/21,8,2
1569,09/08/21,8,2
1570,10/08/21,8,2
1571,11/08/21,8,2
1572,12/08/21,8,2
1573,13/08/21,8,2
1574,14/08/21,8,2
1575,15/08/21,8,2
1576,16/08/21,8,2
1577,17/08/21,8,2
1578,18/08/21,8,2
1579,19/08/21,8,2
1580,20/08/21,8,2
1581,21/08/21,8,2
1582,22/08/21,8,2
1583,23/08/21,8,2
1584,24/08/21,8,2
1585,25/08/21,8,2
1586,26/08/21,8,2
1587,27/08/21,8,2
1588,28/08/21,8,2
1589,01/09/21,8,2
1590,02/09/21,8,2
1591,03/09/21,8,2
1592,04/09/21,8,2
1593,05/09/21,8,2
1594,06/09/21,8,2
1595,07/09/21,8,2
1596,08/09/21,8,2
1597,09/09/21,8,2
1598,10/09/21,8,2
1599,11/09/21,8,2
1600,12/09/21,8,2
1601,13/09/21,8,2
1602,14/09/21,8,2
1603,15/09/21,8,2
1604,16/09/21,8,2
1605,17/09/21,8,2
1606,18/09/21,8,2
1607,19/09/21,8,2
1608,20/09/21,8,2
1609,21/09/21,8,2
1610,22/09/21,8,2
1611,23/09/21,8,2
1612,24/09/21,8,2
1613,25/09/21,8,2
1614,26/09/21,8,2
1615,27/09/21,8,2
1616,28/09/21,8,2
1617,29/09/21,8,2
1618,30/09/21,8,2
1620,01/07/21,9,2
1621,02/07/21,9,2
1622,03/07/21,9,2
1623,04/07/21,9,2
1624,05/07/21,9,2
1625,06/07/21,9,2
1626,07/07/21,9,2
1627,08/07/21,9,2
1628,09/07/21,9,2
1629,10/07/21,9,2
1630,11/07/21,9,2
1631,12/07/21,9,2
1632,13/07/21,9,2
1633,14/07/21,9,2
1634,15/07/21,9,2
1635,16/07/21,9,2
1636,17/07/21,9,2
1637,18/07/21,9,2
1638,19/07/21,9,2
1639,20/07/21,9,2
1640,21/07/21,9,2
1641,22/07/21,9,2
1642,23/07/21,9,2
1643,24/07/21,9,2
1644,25/07/21,9,2
1645,26/07/21,9,2
1646,27/07/21,9,2
1647,28/07/21,9,2
1648,29/07/21,9,2
1649,30/07/21,9,2
1650,31/07/21,9,2
1651,01/08/21,9,2
1652,02/08/21,9,2
1653,03/08/21,9,2
1654,04/08/21,9,2
1655,05/08/21,9,2
1656,06/08/21,9,2
1657,07/08/21,9,2
1658,08/08/21,9,2
1659,09/08/21,9,2
1660,10/08/21,9,2
1661,11/08/21,9,2
1662,12/08/21,9,2
1663,13/08/21,9,2
1664,14/08/21,9,2
1665,15/08/21,9,2
1666,16/08/21,9,2
1667,17/08/21,9,2
1668,18/08/21,9,2
1669,19/08/21,9,2
1670,20/08/21,9,2
1671,21/08/21,9,2
1672,22/08/21,9,2
1673,23/08/21,9,2
1674,24/08/21,9,2
1675,25/08/21,9,2
1676,26/08/21,9,2
1677,27/08/21,9,2
1678,28/08/21,9,2
1679,01/09/21,9,2
1680,02/09/21,9,2
1681,03/09/21,9,2
1682,04/09/21,9,2
1683,05/09/21,9,2
1684,06/09/21,9,2
1685,07/09/21,9,2
1686,08/09/21,9,2
1687,09/09/21,9,2
1688,10/09/21,9,2
1689,11/09/21,9,2
1690,12/09/21,9,2
1691,13/09/21,9,2
1692,14/09/21,9,2
1693,15/09/21,9,2
1694,16/09/21,9,2
1695,17/09/21,9,2
1696,18/09/21,9,2
1697,19/09/21,9,2
1698,20/09/21,9,2
1699,21/09/21,9,2
1700,22/09/21,9,2
1701,23/09/21,9,2
1702,24/09/21,9,2
1703,25/09/21,9,2
1704,26/09/21,9,2
1705,27/09/21,9,2
1706,28/09/21,9,2
1707,29/09/21,9,2
1708,30/09/21,9,2
1710,01/07/21,10,2
1711,02/07/21,10,2
1712,03/07/21,10,2
1713,04/07/21,10,2
1714,05/07/21,10,2
1715,06/07/21,10,2
1716,07/07/21,10,2
1717,08/07/21,10,2
1718,09/07/21,10,2
1719,10/07/21,10,2
1720,11/07/21,10,2
1721,12/07/21,10,2
1722,13/07/21,10,2
1723,14/07/21,10,2
1724,15/07/21,10,2
1725,16/07/21,10,2
1726,17/07/21,10,2
1727,18/07/21,10,2
1728,19/07/21,10,2
1729,20/07/21,10,2
1730,21/07/21,10,2
1731,22/07/21,10,2
1732,23/07/21,10,2
1733,24/07/21,10,2
1734,25/07/21,10,2
1735,26/07/21,10,2
1736,27/07/21,10,2
1737,28/07/21,10,2
1738,29/07/21,10,2
1739,30/07/21,10,2
1740,31/07/21,10,2
1741,01/08/21,10,2
1742,02/08/21,10,2
1743,03/08/21,10,2
1744,04/08/21,10,2
1745,05/08/21,10,2
1746,06/08/21,10,2
1747,07/08/21,10,2
1748,08/08/21,10,2
1749,09/08/21,10,2
1750,10/08/21,10,2
1751,11/08/21,10,2
1752,12/08/21,10,2
1753,13/08/21,10,2
1754,14/08/21,10,2
1755,15/08/21,10,2
1756,16/08/21,10,2
1757,17/08/21,10,2
1758,18/08/21,10,2
1759,19/08/21,10,2
1760,20/08/21,10,2
1761,21/08/21,10,2
1762,22/08/21,10,2
1763,23/08/21,10,2
1764,24/08/21,10,2
1765,25/08/21,10,2
1766,26/08/21,10,2
1767,27/08/21,10,2
1768,28/08/21,10,2
1769,01/09/21,10,2
1770,02/09/21,10,2
1771,03/09/21,10,2
1772,04/09/21,10,2
1773,05/09/21,10,2
1774,06/09/21,10,2
1775,07/09/21,10,2
1776,08/09/21,10,2
1777,09/09/21,10,2
1778,10/09/21,10,2
1779,11/09/21,10,2
1780,12/09/21,10,2
1781,13/09/21,10,2
1782,14/09/21,10,2
1783,15/09/21,10,2
1784,16/09/21,10,2
1785,17/09/21,10,2
1786,18/09/21,10,2
1787,19/09/21,10,2
1788,20/09/21,10,2
1789,21/09/21,10,2
1790,22/09/21,10,2
1791,23/09/21,10,2
1792,24/09/21,10,2
1793,25/09/21,10,2
1794,26/09/21,10,2
1795,27/09/21,10,2
1796,28/09/21,10,2
1797,29/09/21,10,2
1798,30/09/21,10,2
1800,01/07/21,1,3
1801,02/07/21,1,3
1802,03/07/21,1,3
1803,04/07/21,1,3
1804,05/07/21,1,3
1805,06/07/21,1,3
1806,07/07/21,1,3
1807,08/07/21,1,3
1808,09/07/21,1,3
1809,10/07/21,1,3
1810,11/07/21,1,3
1811,12/07/21,1,3
1812,13/07/21,1,3
1813,14/07/21,1,3
1814,15/07/21,1,3
1815,16/07/21,1,3
1816,17/07/21,1,3
1817,18/07/21,1,3
1818,19/07/21,1,3
1819,20/07/21,1,3
1820,21/07/21,1,3
1821,22/07/21,1,3
1822,23/07/21,1,3
1823,24/07/21,1,3
1824,25/07/21,1,3
1825,26/07/21,1,3
1826,27/07/21,1,3
1827,28/07/21,1,3
1828,29/07/21,1,3
1829,30/07/21,1,3
1830,31/07/21,1,3
1831,01/08/21,1,3
1832,02/08/21,1,3
1833,03/08/21,1,3
1834,04/08/21,1,3
1835,05/08/21,1,3
1836,06/08/21,1,3
1837,07/08/21,1,3
1838,08/08/21,1,3
1839,09/08/21,1,3
1840,10/08/21,1,3
1841,11/08/21,1,3
1842,12/08/21,1,3
1843,13/08/21,1,3
1844,14/08/21,1,3
1845,15/08/21,1,3
1846,16/08/21,1,3
1847,17/08/21,1,3
1848,18/08/21,1,3
1849,19/08/21,1,3
1850,20/08/21,1,3
1851,21/08/21,1,3
1852,22/08/21,1,3
1853,23/08/21,1,3
1854,24/08/21,1,3
1855,25/08/21,1,3
1856,26/08/21,1,3
1857,27/08/21,1,3
1858,28/08/21,1,3
1859,01/09/21,1,3
1860,02/09/21,1,3
1861,03/09/21,1,3
1862,04/09/21,1,3
1863,05/09/21,1,3
1864,06/09/21,1,3
1865,07/09/21,1,3
1866,08/09/21,1,3
1867,09/09/21,1,3
1868,10/09/21,1,3
1869,11/09/21,1,3
1870,12/09/21,1,3
1871,13/09/21,1,3
1872,14/09/21,1,3
1873,15/09/21,1,3
1874,16/09/21,1,3
1875,17/09/21,1,3
1876,18/09/21,1,3
1877,19/09/21,1,3
1878,20/09/21,1,3
1879,21/09/21,1,3
1880,22/09/21,1,3
1881,23/09/21,1,3
1882,24/09/21,1,3
1883,25/09/21,1,3
1884,26/09/21,1,3
1885,27/09/21,1,3
1886,28/09/21,1,3
1887,29/09/21,1,3
1888,30/09/21,1,3
1890,01/07/21,2,3
1891,02/07/21,2,3
1892,03/07/21,2,3
1893,04/07/21,2,3
1894,05/07/21,2,3
1895,06/07/21,2,3
1896,07/07/21,2,3
1897,08/07/21,2,3
1898,09/07/21,2,3
1899,10/07/21,2,3
1900,11/07/21,2,3
1901,12/07/21,2,3
1902,13/07/21,2,3
1903,14/07/21,2,3
1904,15/07/21,2,3
1905,16/07/21,2,3
1906,17/07/21,2,3
1907,18/07/21,2,3
1908,19/07/21,2,3
1909,20/07/21,2,3
1910,21/07/21,2,3
1911,22/07/21,2,3
1912,23/07/21,2,3
1913,24/07/21,2,3
1914,25/07/21,2,3
1915,26/07/21,2,3
1916,27/07/21,2,3
1917,28/07/21,2,3
1918,29/07/21,2,3
1919,30/07/21,2,3
1920,31/07/21,2,3
1921,01/08/21,2,3
1922,02/08/21,2,3
1923,03/08/21,2,3
1924,04/08/21,2,3
1925,05/08/21,2,3
1926,06/08/21,2,3
1927,07/08/21,2,3
1928,08/08/21,2,3
1929,09/08/21,2,3
1930,10/08/21,2,3
1931,11/08/21,2,3
1932,12/08/21,2,3
1933,13/08/21,2,3
1934,14/08/21,2,3
1935,15/08/21,2,3
1936,16/08/21,2,3
1937,17/08/21,2,3
1938,18/08/21,2,3
1939,19/08/21,2,3
1940,20/08/21,2,3
1941,21/08/21,2,3
1942,22/08/21,2,3
1943,23/08/21,2,3
1944,24/08/21,2,3
1945,25/08/21,2,3
1946,26/08/21,2,3
1947,27/08/21,2,3
1948,28/08/21,2,3
1949,01/09/21,2,3
1950,02/09/21,2,3
1951,03/09/21,2,3
1952,04/09/21,2,3
1953,05/09/21,2,3
1954,06/09/21,2,3
1955,07/09/21,2,3
1956,08/09/21,2,3
1957,09/09/21,2,3
1958,10/09/21,2,3
1959,11/09/21,2,3
1960,12/09/21,2,3
1961,13/09/21,2,3
1962,14/09/21,2,3
1963,15/09/21,2,3
1964,16/09/21,2,3
1965,17/09/21,2,3
1966,18/09/21,2,3
1967,19/09/21,2,3
1968,20/09/21,2,3
1969,21/09/21,2,3
1970,22/09/21,2,3
1971,23/09/21,2,3
1972,24/09/21,2,3
1973,25/09/21,2,3
1974,26/09/21,2,3
1975,27/09/21,2,3
1976,28/09/21,2,3
1977,29/09/21,2,3
1978,30/09/21,2,3
1980,01/07/21,3,3
1981,02/07/21,3,3
1982,03/07/21,3,3
1983,04/07/21,3,3
1984,05/07/21,3,3
1985,06/07/21,3,3
1986,07/07/21,3,3
1987,08/07/21,3,3
1988,09/07/21,3,3
1989,10/07/21,3,3
1990,11/07/21,3,3
1991,12/07/21,3,3
1992,13/07/21,3,3
1993,14/07/21,3,3
1994,15/07/21,3,3
1995,16/07/21,3,3
1996,17/07/21,3,3
1997,18/07/21,3,3
1998,19/07/21,3,3
1999,20/07/21,3,3
2000,21/07/21,3,3
2001,22/07/21,3,3
2002,23/07/21,3,3
2003,24/07/21,3,3
2004,25/07/21,3,3
2005,26/07/21,3,3
2006,27/07/21,3,3
2007,28/07/21,3,3
2008,29/07/21,3,3
2009,30/07/21,3,3
2010,31/07/21,3,3
2011,01/08/21,3,3
2012,02/08/21,3,3
2013,03/08/21,3,3
2014,04/08/21,3,3
2015,05/08/21,3,3
2016,06/08/21,3,3
2017,07/08/21,3,3
2018,08/08/21,3,3
2019,09/08/21,3,3
2020,10/08/21,3,3
2021,11/08/21,3,3
2022,12/08/21,3,3
2023,13/08/21,3,3
2024,14/08/21,3,3
2025,15/08/21,3,3
2026,16/08/21,3,3
2027,17/08/21,3,3
2028,18/08/21,3,3
2029,19/08/21,3,3
2030,20/08/21,3,3
2031,21/08/21,3,3
2032,22/08/21,3,3
2033,23/08/21,3,3
2034,24/08/21,3,3
2035,25/08/21,3,3
2036,26/08/21,3,3
2037,27/08/21,3,3
2038,28/08/21,3,3
2039,01/09/21,3,3
2040,02/09/21,3,3
2041,03/09/21,3,3
2042,04/09/21,3,3
2043,05/09/21,3,3
2044,06/09/21,3,3
2045,07/09/21,3,3
2046,08/09/21,3,3
2047,09/09/21,3,3
2048,10/09/21,3,3
2049,11/09/21,3,3
2050,12/09/21,3,3
2051,13/09/21,3,3
2052,14/09/21,3,3
2053,15/09/21,3,3
2054,16/09/21,3,3
2055,17/09/21,3,3
2056,18/09/21,3,3
2057,19/09/21,3,3
2058,20/09/21,3,3
2059,21/09/21,3,3
2060,22/09/21,3,3
2061,23/09/21,3,3
2062,24/09/21,3,3
2063,25/09/21,3,3
2064,26/09/21,3,3
2065,27/09/21,3,3
2066,28/09/21,3,3
2067,29/09/21,3,3
2068,30/09/21,3,3
2070,01/07/21,4,3
2071,02/07/21,4,3
2072,03/07/21,4,3
2073,04/07/21,4,3
2074,05/07/21,4,3
2075,06/07/21,4,3
2076,07/07/21,4,3
2077,08/07/21,4,3
2078,09/07/21,4,3
2079,10/07/21,4,3
2080,11/07/21,4,3
2081,12/07/21,4,3
2082,13/07/21,4,3
2083,14/07/21,4,3
2084,15/07/21,4,3
2085,16/07/21,4,3
2086,17/07/21,4,3
2087,18/07/21,4,3
2088,19/07/21,4,3
2089,20/07/21,4,3
2090,21/07/21,4,3
2091,22/07/21,4,3
2092,23/07/21,4,3
2093,24/07/21,4,3
2094,25/07/21,4,3
2095,26/07/21,4,3
2096,27/07/21,4,3
2097,28/07/21,4,3
2098,29/07/21,4,3
2099,30/07/21,4,3
2100,31/07/21,4,3
2101,01/08/21,4,3
2102,02/08/21,4,3
2103,03/08/21,4,3
2104,04/08/21,4,3
2105,05/08/21,4,3
2106,06/08/21,4,3
2107,07/08/21,4,3
2108,08/08/21,4,3
2109,09/08/21,4,3
2110,10/08/21,4,3
2111,11/08/21,4,3
2112,12/08/21,4,3
2113,13/08/21,4,3
2114,14/08/21,4,3
2115,15/08/21,4,3
2116,16/08/21,4,3
2117,17/08/21,4,3
2118,18/08/21,4,3
2119,19/08/21,4,3
2120,20/08/21,4,3
2121,21/08/21,4,3
2122,22/08/21,4,3
2123,23/08/21,4,3
2124,24/08/21,4,3
2125,25/08/21,4,3
2126,26/08/21,4,3
2127,27/08/21,4,3
2128,28/08/21,4,3
2129,01/09/21,4,3
2130,02/09/21,4,3
2131,03/09/21,4,3
2132,04/09/21,4,3
2133,05/09/21,4,3
2134,06/09/21,4,3
2135,07/09/21,4,3
2136,08/09/21,4,3
2137,09/09/21,4,3
2138,10/09/21,4,3
2139,11/09/21,4,3
2140,12/09/21,4,3
2141,13/09/21,4,3
2142,14/09/21,4,3
2143,15/09/21,4,3
2144,16/09/21,4,3
2145,17/09/21,4,3
2146,18/09/21,4,3
2147,19/09/21,4,3
2148,20/09/21,4,3
2149,21/09/21,4,3
2150,22/09/21,4,3
2151,23/09/21,4,3
2152,24/09/21,4,3
2153,25/09/21,4,3
2154,26/09/21,4,3
2155,27/09/21,4,3
2156,28/09/21,4,3
2157,29/09/21,4,3
2158,30/09/21,4,3
2160,01/07/21,5,3
2161,02/07/21,5,3
2162,03/07/21,5,3
2163,04/07/21,5,3
2164,05/07/21,5,3
2165,06/07/21,5,3
2166,07/07/21,5,3
2167,08/07/21,5,3
2168,09/07/21,5,3
2169,10/07/21,5,3
2170,11/07/21,5,3
2171,12/07/21,5,3
2172,13/07/21,5,3
2173,14/07/21,5,3
2174,15/07/21,5,3
2175,16/07/21,5,3
2176,17/07/21,5,3
2177,18/07/21,5,3
2178,19/07/21,5,3
2179,20/07/21,5,3
2180,21/07/21,5,3
2181,22/07/21,5,3
2182,23/07/21,5,3
2183,24/07/21,5,3
2184,25/07/21,5,3
2185,26/07/21,5,3
2186,27/07/21,5,3
2187,28/07/21,5,3
2188,29/07/21,5,3
2189,30/07/21,5,3
2190,31/07/21,5,3
2191,01/08/21,5,3
2192,02/08/21,5,3
2193,03/08/21,5,3
2194,04/08/21,5,3
2195,05/08/21,5,3
2196,06/08/21,5,3
2197,07/08/21,5,3
2198,08/08/21,5,3
2199,09/08/21,5,3
2200,10/08/21,5,3
2201,11/08/21,5,3
2202,12/08/21,5,3
2203,13/08/21,5,3
2204,14/08/21,5,3
2205,15/08/21,5,3
2206,16/08/21,5,3
2207,17/08/21,5,3
2208,18/08/21,5,3
2209,19/08/21,5,3
2210,20/08/21,5,3
2211,21/08/21,5,3
2212,22/08/21,5,3
2213,23/08/21,5,3
2214,24/08/21,5,3
2215,25/08/21,5,3
2216,26/08/21,5,3
2217,27/08/21,5,3
2218,28/08/21,5,3
2219,01/09/21,5,3
2220,02/09/21,5,3
2221,03/09/21,5,3
2222,04/09/21,5,3
2223,05/09/21,5,3
2224,06/09/21,5,3
2225,07/09/21,5,3
2226,08/09/21,5,3
2227,09/09/21,5,3
2228,10/09/21,5,3
2229,11/09/21,5,3
2230,12/09/21,5,3
2231,13/09/21,5,3
2232,14/09/21,5,3
2233,15/09/21,5,3
2234,16/09/21,5,3
2235,17/09/21,5,3
2236,18/09/21,5,3
2237,19/09/21,5,3
2238,20/09/21,5,3
2239,21/09/21,5,3
2240,22/09/21,5,3
2241,23/09/21,5,3
2242,24/09/21,5,3
2243,25/09/21,5,3
2244,26/09/21,5,3
2245,27/09/21,5,3
2246,28/09/21,5,3
2247,29/09/21,5,3
2248,30/09/21,5,3
2250,01/07/21,6,3
2251,02/07/21,6,3
2252,03/07/21,6,3
2253,04/07/21,6,3
2254,05/07/21,6,3
2255,06/07/21,6,3
2256,07/07/21,6,3
2257,08/07/21,6,3
2258,09/07/21,6,3
2259,10/07/21,6,3
2260,11/07/21,6,3
2261,12/07/21,6,3
2262,13/07/21,6,3
2263,14/07/21,6,3
2264,15/07/21,6,3
2265,16/07/21,6,3
2266,17/07/21,6,3
2267,18/07/21,6,3
2268,19/07/21,6,3
2269,20/07/21,6,3
2270,21/07/21,6,3
2271,22/07/21,6,3
2272,23/07/21,6,3
2273,24/07/21,6,3
2274,25/07/21,6,3
2275,26/07/21,6,3
2276,27/07/21,6,3
2277,28/07/21,6,3
2278,29/07/21,6,3
2279,30/07/21,6,3
2280,31/07/21,6,3
2281,01/08/21,6,3
2282,02/08/21,6,3
2283,03/08/21,6,3
2284,04/08/21,6,3
2285,05/08/21,6,3
2286,06/08/21,6,3
2287,07/08/21,6,3
2288,08/08/21,6,3
2289,09/08/21,6,3
2290,10/08/21,6,3
2291,11/08/21,6,3
2292,12/08/21,6,3
2293,13/08/21,6,3
2294,14/08/21,6,3
2295,15/08/21,6,3
2296,16/08/21,6,3
2297,17/08/21,6,3
2298,18/08/21,6,3
2299,19/08/21,6,3
2300,20/08/21,6,3
2301,21/08/21,6,3
2302,22/08/21,6,3
2303,23/08/21,6,3
2304,24/08/21,6,3
2305,25/08/21,6,3
2306,26/08/21,6,3
2307,27/08/21,6,3
2308,28/08/21,6,3
2309,01/09/21,6,3
2310,02/09/21,6,3
2311,03/09/21,6,3
2312,04/09/21,6,3
2313,05/09/21,6,3
2314,06/09/21,6,3
2315,07/09/21,6,3
2316,08/09/21,6,3
2317,09/09/21,6,3
2318,10/09/21,6,3
2319,11/09/21,6,3
2320,12/09/21,6,3
2321,13/09/21,6,3
2322,14/09/21,6,3
2323,15/09/21,6,3
2324,16/09/21,6,3
2325,17/09/21,6,3
2326,18/09/21,6,3
2327,19/09/21,6,3
2328,20/09/21,6,3
2329,21/09/21,6,3
2330,22/09/21,6,3
2331,23/09/21,6,3
2332,24/09/21,6,3
2333,25/09/21,6,3
2334,26/09/21,6,3
2335,27/09/21,6,3
2336,28/09/21,6,3
2337,29/09/21,6,3
2338,30/09/21,6,3
2340,01/07/21,7,3
2341,02/07/21,7,3
2342,03/07/21,7,3
2343,04/07/21,7,3
2344,05/07/21,7,3
2345,06/07/21,7,3
2346,07/07/21,7,3
2347,08/07/21,7,3
2348,09/07/21,7,3
2349,10/07/21,7,3
2350,11/07/21,7,3
2351,12/07/21,7,3
2352,13/07/21,7,3
2353,14/07/21,7,3
2354,15/07/21,7,3
2355,16/07/21,7,3
2356,17/07/21,7,3
2357,18/07/21,7,3
2358,19/07/21,7,3
2359,20/07/21,7,3
2360,21/07/21,7,3
2361,22/07/21,7,3
2362,23/07/21,7,3
2363,24/07/21,7,3
2364,25/07/21,7,3
2365,26/07/21,7,3
2366,27/07/21,7,3
2367,28/07/21,7,3
2368,29/07/21,7,3
2369,30/07/21,7,3
2370,31/07/21,7,3
2371,01/08/21,7,3
2372,02/08/21,7,3
2373,03/08/21,7,3
2374,04/08/21,7,3
2375,05/08/21,7,3
2376,06/08/21,7,3
2377,07/08/21,7,3
2378,08/08/21,7,3
2379,09/08/21,7,3
2380,10/08/21,7,3
2381,11/08/21,7,3
2382,12/08/21,7,3
2383,13/08/21,7,3
2384,14/08/21,7,3
2385,15/08/21,7,3
2386,16/08/21,7,3
2387,17/08/21,7,3
2388,18/08/21,7,3
2389,19/08/21,7,3
2390,20/08/21,7,3
2391,21/08/21,7,3
2392,22/08/21,7,3
2393,23/08/21,7,3
2394,24/08/21,7,3
2395,25/08/21,7,3
2396,26/08/21,7,3
2397,27/08/21,7,3
2398,28/08/21,7,3
2399,01/09/21,7,3
2400,02/09/21,7,3
2401,03/09/21,7,3
2402,04/09/21,7,3
2403,05/09/21,7,3
2404,06/09/21,7,3
2405,07/09/21,7,3
2406,08/09/21,7,3
2407,09/09/21,7,3
2408,10/09/21,7,3
2409,11/09/21,7,3
2410,12/09/21,7,3
2411,13/09/21,7,3
2412,14/09/21,7,3
2413,15/09/21,7,3
2414,16/09/21,7,3
2415,17/09/21,7,3
2416,18/09/21,7,3
2417,19/09/21,7,3
2418,20/09/21,7,3
2419,21/09/21,7,3
2420,22/09/21,7,3
2421,23/09/21,7,3
2422,24/09/21,7,3
2423,25/09/21,7,3
2424,26/09/21,7,3
2425,27/09/21,7,3
2426,28/09/21,7,3
2427,29/09/21,7,3
2428,30/09/21,7,3
2430,01/07/21,8,3
2431,02/07/21,8,3
2432,03/07/21,8,3
2433,04/07/21,8,3
2434,05/07/21,8,3
2435,06/07/21,8,3
2436,07/07/21,8,3
2437,08/07/21,8,3
2438,09/07/21,8,3
2439,10/07/21,8,3
2440,11/07/21,8,3
2441,12/07/21,8,3
2442,13/07/21,8,3
2443,14/07/21,8,3
2444,15/07/21,8,3
2445,16/07/21,8,3
2446,17/07/21,8,3
2447,18/07/21,8,3
2448,19/07/21,8,3
2449,20/07/21,8,3
2450,21/07/21,8,3
2451,22/07/21,8,3
2452,23/07/21,8,3
2453,24/07/21,8,3
2454,25/07/21,8,3
2455,26/07/21,8,3
2456,27/07/21,8,3
2457,28/07/21,8,3
2458,29/07/21,8,3
2459,30/07/21,8,3
2460,31/07/21,8,3
2461,01/08/21,8,3
2462,02/08/21,8,3
2463,03/08/21,8,3
2464,04/08/21,8,3
2465,05/08/21,8,3
2466,06/08/21,8,3
2467,07/08/21,8,3
2468,08/08/21,8,3
2469,09/08/21,8,3
2470,10/08/21,8,3
2471,11/08/21,8,3
2472,12/08/21,8,3
2473,13/08/21,8,3
2474,14/08/21,8,3
2475,15/08/21,8,3
2476,16/08/21,8,3
2477,17/08/21,8,3
2478,18/08/21,8,3
2479,19/08/21,8,3
2480,20/08/21,8,3
2481,21/08/21,8,3
2482,22/08/21,8,3
2483,23/08/21,8,3
2484,24/08/21,8,3
2485,25/08/21,8,3
2486,26/08/21,8,3
2487,27/08/21,8,3
2488,28/08/21,8,3
2489,01/09/21,8,3
2490,02/09/21,8,3
2491,03/09/21,8,3
2492,04/09/21,8,3
2493,05/09/21,8,3
2494,06/09/21,8,3
2495,07/09/21,8,3
2496,08/09/21,8,3
2497,09/09/21,8,3
2498,10/09/21,8,3
2499,11/09/21,8,3
2500,12/09/21,8,3
2501,13/09/21,8,3
2502,14/09/21,8,3
2503,15/09/21,8,3
2504,16/09/21,8,3
2505,17/09/21,8,3
2506,18/09/21,8,3
2507,19/09/21,8,3
2508,20/09/21,8,3
2509,21/09/21,8,3
2510,22/09/21,8,3
2511,23/09/21,8,3
2512,24/09/21,8,3
2513,25/09/21,8,3
2514,26/09/21,8,3
2515,27/09/21,8,3
2516,28/09/21,8,3
2517,29/09/21,8,3
2518,30/09/21,8,3
2520,01/07/21,9,3
2521,02/07/21,9,3
2522,03/07/21,9,3
2523,04/07/21,9,3
2524,05/07/21,9,3
2525,06/07/21,9,3
2526,07/07/21,9,3
2527,08/07/21,9,3
2528,09/07/21,9,3
2529,10/07/21,9,3
2530,11/07/21,9,3
2531,12/07/21,9,3
2532,13/07/21,9,3
2533,14/07/21,9,3
2534,15/07/21,9,3
2535,16/07/21,9,3
2536,17/07/21,9,3
2537,18/07/21,9,3
2538,19/07/21,9,3
2539,20/07/21,9,3
2540,21/07/21,9,3
2541,22/07/21,9,3
2542,23/07/21,9,3
2543,24/07/21,9,3
2544,25/07/21,9,3
2545,26/07/21,9,3
2546,27/07/21,9,3
2547,28/07/21,9,3
2548,29/07/21,9,3
2549,30/07/21,9,3
2550,31/07/21,9,3
2551,01/08/21,9,3
2552,02/08/21,9,3
2553,03/08/21,9,3
2554,04/08/21,9,3
2555,05/08/21,9,3
2556,06/08/21,9,3
2557,07/08/21,9,3
2558,08/08/21,9,3
2559,09/08/21,9,3
2560,10/08/21,9,3
2561,11/08/21,9,3
2562,12/08/21,9,3
2563,13/08/21,9,3
2564,14/08/21,9,3
2565,15/08/21,9,3
2566,16/08/21,9,3
2567,17/08/21,9,3
2568,18/08/21,9,3
2569,19/08/21,9,3
2570,20/08/21,9,3
2571,21/08/21,9,3
2572,22/08/21,9,3
2573,23/08/21,9,3
2574,24/08/21,9,3
2575,25/08/21,9,3
2576,26/08/21,9,3
2577,27/08/21,9,3
2578,28/08/21,9,3
2579,01/09/21,9,3
2580,02/09/21,9,3
2581,03/09/21,9,3
2582,04/09/21,9,3
2583,05/09/21,9,3
2584,06/09/21,9,3
2585,07/09/21,9,3
2586,08/09/21,9,3
2587,09/09/21,9,3
2588,10/09/21,9,3
2589,11/09/21,9,3
2590,12/09/21,9,3
2591,13/09/21,9,3
2592,14/09/21,9,3
2593,15/09/21,9,3
2594,16/09/21,9,3
2595,17/09/21,9,3
2596,18/09/21,9,3
2597,19/09/21,9,3
2598,20/09/21,9,3
2599,21/09/21,9,3
2600,22/09/21,9,3
2601,23/09/21,9,3
2602,24/09/21,9,3
2603,25/09/21,9,3
2604,26/09/21,9,3
2605,27/09/21,9,3
2606,28/09/21,9,3
2607,29/09/21,9,3
2608,30/09/21,9,3
2610,01/07/21,10,3
2611,02/07/21,10,3
2612,03/07/21,10,3
2613,04/07/21,10,3
2614,05/07/21,10,3
2615,06/07/21,10,3
2616,07/07/21,10,3
2617,08/07/21,10,3
2618,09/07/21,10,3
2619,10/07/21,10,3
2620,11/07/21,10,3
2621,12/07/21,10,3
2622,13/07/21,10,3
2623,14/07/21,10,3
2624,15/07/21,10,3
2625,16/07/21,10,3
2626,17/07/21,10,3
2627,18/07/21,10,3
2628,19/07/21,10,3
2629,20/07/21,10,3
2630,21/07/21,10,3
2631,22/07/21,10,3
2632,23/07/21,10,3
2633,24/07/21,10,3
2634,25/07/21,10,3
2635,26/07/21,10,3
2636,27/07/21,10,3
2637,28/07/21,10,3
2638,29/07/21,10,3
2639,30/07/21,10,3
2640,31/07/21,10,3
2641,01/08/21,10,3
2642,02/08/21,10,3
2643,03/08/21,10,3
2644,04/08/21,10,3
2645,05/08/21,10,3
2646,06/08/21,10,3
2647,07/08/21,10,3
2648,08/08/21,10,3
2649,09/08/21,10,3
2650,10/08/21,10,3
2651,11/08/21,10,3
2652,12/08/21,10,3
2653,13/08/21,10,3
2654,14/08/21,10,3
2655,15/08/21,10,3
2656,16/08/21,10,3
2657,17/08/21,10,3
2658,18/08/21,10,3
2659,19/08/21,10,3
2660,20/08/21,10,3
2661,21/08/21,10,3
2662,22/08/21,10,3
2663,23/08/21,10,3
2664,24/08/21,10,3
2665,25/08/21,10,3
2666,26/08/21,10,3
2667,27/08/21,10,3
2668,28/08/21,10,3
2669,01/09/21,10,3
2670,02/09/21,10,3
2671,03/09/21,10,3
2672,04/09/21,10,3
2673,05/09/21,10,3
2674,06/09/21,10,3
2675,07/09/21,10,3
2676,08/09/21,10,3
2677,09/09/21,10,3
2678,10/09/21,10,3
2679,11/09/21,10,3
2680,12/09/21,10,3
2681,13/09/21,10,3
2682,14/09/21,10,3
2683,15/09/21,10,3
2684,16/09/21,10,3
2685,17/09/21,10,3
2686,18/09/21,10,3
2687,19/09/21,10,3
2688,20/09/21,10,3
2689,21/09/21,10,3
2690,22/09/21,10,3
2691,23/09/21,10,3
2692,24/09/21,10,3
2693,25/09/21,10,3
2694,26/09/21,10,3
2695,27/09/21,10,3
2696,28/09/21,10,3
2697,29/09/21,10,3
2698,30/09/21,10,3